date,price,price_chg_%
30/03/2026 15:18,0.2675086758237408,0.011908
30/03/2026 15:02,0.26747682430158337,-0.167205
30/03/2026 14:03,0.26792480888335996,0.319046
30/03/2026 13:02,0.26707272326648757,-0.346128
30/03/2026 12:01,0.26800034775563225,-1.152255
30/03/2026 11:00,0.2711243911362252,0.343967
30/03/2026 10:00,0.27019500823047066,0.935407
30/03/2026 09:00,0.267691007223431,0.028562
30/03/2026 08:02,0.2676145722797571,-0.835490
30/03/2026 07:01,0.2698693029089706,0.422787
30/03/2026 06:02,0.26873313308787655,0.072874
30/03/2026 05:01,0.26853744044808703,0.962522
30/03/2026 04:03,0.2659773495342969,1.863468
30/03/2026 03:02,0.2611116178562465,1.420699
30/03/2026 02:02,0.25745397234919254,0.471263
30/03/2026 01:03,0.2562463792348356,-1.490541
30/03/2026 00:02,0.2601236275159741,0.042626
29/03/2026 23:02,0.26001279349562184,0.484674
29/03/2026 22:03,0.25875865711724366,-0.775523
29/03/2026 21:01,0.2607810745831615,-0.007066
29/03/2026 20:00,0.2607995028033685,-0.588703
29/03/2026 19:03,0.2623439297159955,-0.146471
29/03/2026 18:02,0.2627287517555107,-0.168637
29/03/2026 17:03,0.2631725569952969,-0.177557
29/03/2026 16:02,0.263640670319458,-0.896250
29/03/2026 15:03,0.2660249184779157,-0.835879
29/03/2026 14:01,0.2682673081432567,0.660657
29/03/2026 13:03,0.26650661282472426,0.067524
29/03/2026 12:02,0.26632677896563434,-0.542297
29/03/2026 11:00,0.26777893520685764,-0.335917
29/03/2026 10:03,0.26868148220390936,-0.521364
29/03/2026 09:01,0.2700896334170347,-0.253147
29/03/2026 08:02,0.2707750924245404,0.009940
29/03/2026 07:03,0.2707481799340712,0.049454
29/03/2026 06:00,0.2706143504638154,0.277475
29/03/2026 05:00,0.2698655414324895,-0.257569
29/03/2026 04:02,0.2705624276403632,0.712577
29/03/2026 03:02,0.2686481021458394,0.082536
29/03/2026 01:00,0.2684265537230893,-1.889613
29/03/2026 00:01,0.27359646804933346,-0.413366
28/03/2026 23:01,0.27473211660655283,-0.609328
28/03/2026 22:01,0.2764163992877588,0.491355
28/03/2026 21:02,0.27506485565424965,-0.111286
28/03/2026 20:01,0.2753713042199304,0.263908
28/03/2026 19:01,0.2746464900440577,-0.549074
28/03/2026 18:01,0.2761628296792038,-0.186697
28/03/2026 17:01,0.27667938056349883,1.476277
28/03/2026 16:02,0.27265424961968554,-0.520114
28/03/2026 15:02,0.27407977660273486,2.470381
28/03/2026 14:01,0.267472194636502,-0.271151
28/03/2026 13:01,0.26819942069932,0.914367
28/03/2026 12:02,0.2657693125185339,0.616888
28/03/2026 11:01,0.2641398644225283,0.238159
28/03/2026 10:02,0.2635122863264134,-0.436673
28/03/2026 09:01,0.26466802032860426,0.987085
28/03/2026 08:01,0.2620810575303274,-0.160216
28/03/2026 07:02,0.2625016263514077,-0.895140
28/03/2026 06:02,0.26487260666021006,0.335163
28/03/2026 05:02,0.26398781804763216,0.636327
28/03/2026 04:01,0.26231861327001027,-0.181544
28/03/2026 03:01,0.26279570187016227,-1.799747
28/03/2026 02:01,0.26761204280880563,-0.535393
28/03/2026 01:02,0.269052530621921,-0.656061
28/03/2026 00:02,0.27082933505944295,-0.149040
27/03/2026 23:01,0.27123358165455713,-0.287610
27/03/2026 22:02,0.27201592563604676,0.394521
27/03/2026 21:01,0.27094698268700007,2.675968
27/03/2026 20:01,0.2638854916461852,0.276961
27/03/2026 19:02,0.26315665138686495,-0.863486
27/03/2026 18:02,0.2654487648940811,-0.188016
27/03/2026 17:00,0.2659487924698952,1.050974
27/03/2026 16:01,0.26318280966874597,0.030188
27/03/2026 15:02,0.2631033841497242,-0.248110
27/03/2026 14:01,0.263757792667709,-1.339310
27/03/2026 13:01,0.26733828211418653,-0.536075
27/03/2026 12:02,0.26877914095798006,-2.755540
27/03/2026 11:02,0.27639532476498674,-0.456404
27/03/2026 10:02,0.27766258729215204,-1.032880
27/03/2026 09:02,0.2805604411976098,-2.245515
27/03/2026 08:02,0.2870051855776958,0.475859
27/03/2026 07:02,0.2856459150012454,1.276797
27/03/2026 06:01,0.2820447747986859,0.594124
27/03/2026 05:02,0.2803789751076018,-1.664839
27/03/2026 04:02,0.28512586041839155,1.766936
27/03/2026 03:02,0.2801753418160694,3.093795
27/03/2026 02:01,0.27176741488180284,0.905200
27/03/2026 01:02,0.2693294445425109,1.074850
27/03/2026 00:01,0.2664653426968969,0.478238
26/03/2026 23:01,0.26519706878722743,0.470202
26/03/2026 22:02,0.26395594333426675,1.926929
26/03/2026 21:03,0.25896585556863283,-1.197587
26/03/2026 20:00,0.2621047894664403,0.555687
26/03/2026 19:02,0.26065635722272645,-0.654048
26/03/2026 18:02,0.2623723975717039,-0.296004
26/03/2026 17:02,0.2631513371893781,-0.335272
26/03/2026 16:00,0.2640365781131903,1.068364
26/03/2026 15:02,0.26124552572634013,1.455792
26/03/2026 14:01,0.25749690685349186,0.722057
26/03/2026 13:02,0.2556509613177359,-0.221105
26/03/2026 12:02,0.2562174699286789,0.152538
26/03/2026 11:02,0.25582723681688685,-1.464174
26/03/2026 10:00,0.25962865201794844,-1.642122
26/03/2026 09:00,0.2639632492979408,0.482926
26/03/2026 08:00,0.2626946282323963,0.267103
26/03/2026 07:03,0.2619948313233008,-2.177392
26/03/2026 06:03,0.2678264636012884,-0.174350
26/03/2026 05:00,0.26829423579168943,-0.361800
26/03/2026 04:01,0.269268449167346,-0.507734
26/03/2026 03:02,0.2706425931676275,0.491336
26/03/2026 02:03,0.26931933060848,1.486501
26/03/2026 01:03,0.26537453497107233,-0.068004
26/03/2026 00:02,0.26555512238890794,1.081112
25/03/2026 23:02,0.2627148805591999,0.336306
25/03/2026 22:04,0.2618343149604065,-0.189427
25/03/2026 21:03,0.26233124113372114,0.825676
25/03/2026 20:02,0.26018297398112533,0.345659
25/03/2026 19:02,0.25928672712534895,-0.273383
25/03/2026 18:02,0.25999751514446756,0.764708
25/03/2026 17:02,0.258024380908134,-1.344882
25/03/2026 16:02,0.2615418093388248,0.142443
25/03/2026 15:00,0.26116979029969584,-0.015102
25/03/2026 14:00,0.2612092383792783,-0.055557
25/03/2026 13:01,0.2613544400501126,0.234473
25/03/2026 12:01,0.2607430684423583,0.125689
25/03/2026 11:02,0.2604157549495399,-0.144639
25/03/2026 10:01,0.2607929621582673,0.341033
25/03/2026 09:02,0.25990659479335326,0.277331
25/03/2026 08:01,0.2591877860077035,0.524157
25/03/2026 07:02,0.25783631789963996,0.896760
25/03/2026 06:02,0.25554469483054054,0.044629
25/03/2026 05:01,0.25543069964892073,0.281650
25/03/2026 04:01,0.2547133007180063,-0.397593
25/03/2026 03:01,0.2557300655329672,-0.565073
25/03/2026 02:01,0.25718333824972034,0.450831
25/03/2026 01:01,0.25602907888157783,0.481951
25/03/2026 00:02,0.25480106375631,-0.102425
24/03/2026 23:01,0.2550623104472629,0.381406
24/03/2026 22:01,0.2540931838350641,2.152905
24/03/2026 21:02,0.24873808998262875,-0.113430
24/03/2026 20:02,0.2490205542166679,0.140385
24/03/2026 19:01,0.24867145646846328,-1.175710
24/03/2026 18:01,0.2516298939728215,-0.645650
24/03/2026 17:01,0.25326509961310384,-0.535914
24/03/2026 16:01,0.25462969468298974,0.111601
24/03/2026 15:01,0.2543458434081444,-1.763617
24/03/2026 14:01,0.2589120595216,0.459834
24/03/2026 13:00,0.25772694417747966,0.900191
24/03/2026 12:01,0.255427607557548,-0.337403
24/03/2026 11:01,0.2562923451014243,-0.481910
24/03/2026 10:01,0.25753342567590937,0.374177
24/03/2026 09:01,0.25657338659125517,1.282479
24/03/2026 08:01,0.2533245529531361,0.394716
24/03/2026 07:02,0.2523285722183605,-0.010140
24/03/2026 06:03,0.2523541602223101,-0.238949
24/03/2026 05:03,0.252958602513504,0.370421
24/03/2026 04:03,0.2520250482477624,-0.033797
24/03/2026 03:03,0.2521102536482179,-0.316061
24/03/2026 02:03,0.2529096022463095,-0.422095
24/03/2026 01:03,0.25398164588991984,0.312832
24/03/2026 00:03,0.25318958876032305,-0.354381
23/03/2026 23:02,0.2540900349857564,0.598640
23/03/2026 22:03,0.25257800279739984,0.914185
23/03/2026 21:02,0.25028988909320227,-1.497985
23/03/2026 20:02,0.2540962133744436,-0.119154
23/03/2026 19:02,0.25439933930382724,0.480682
23/03/2026 18:03,0.25318233729402145,-0.234445
23/03/2026 17:02,0.25377730515603714,-1.738753
23/03/2026 16:03,0.25826794751875803,0.237463
23/03/2026 15:03,0.25765611011677203,1.280043
23/03/2026 14:03,0.25439968510588795,0.599658
23/03/2026 13:03,0.2528832505333842,3.556633
23/03/2026 12:03,0.24419802203683905,0.173672
23/03/2026 11:03,0.2437746549284479,0.062604
23/03/2026 10:03,0.2436221388807181,-0.322645
23/03/2026 09:03,0.24441071840874323,-0.198620
23/03/2026 08:03,0.24489713219814052,-1.230126
23/03/2026 07:02,0.24794719592870273,0.076816
23/03/2026 06:02,0.24775687824116016,0.577087
23/03/2026 05:02,0.2463353087348942,-0.209300
23/03/2026 04:02,0.2468519708849261,0.292381
23/03/2026 03:02,0.24613232743629457,0.163714
23/03/2026 02:02,0.24573003395128426,0.059759
23/03/2026 01:03,0.24558327531407595,-0.385565
23/03/2026 00:02,0.24653382404453705,0.880068
22/03/2026 23:02,0.24438308708742923,-0.331391
22/03/2026 22:02,0.24519564385360285,-0.294878
22/03/2026 21:03,0.24592080914414027,-0.359667
22/03/2026 20:03,0.24680849877777328,-0.388880
22/03/2026 19:03,0.2477720338771711,-0.162545
22/03/2026 18:03,0.2481754318134073,-0.089711
22/03/2026 17:01,0.24839827160543274,0.220077
22/03/2026 16:02,0.24785280381129685,-0.277188
22/03/2026 15:03,0.24854173116194764,-0.098248
22/03/2026 14:02,0.24878615830769255,0.603638
22/03/2026 13:03,0.24729340101636135,-0.425573
22/03/2026 12:05,0.24835031369873237,-0.670177
22/03/2026 11:02,0.25002592939735474,-0.110113
22/03/2026 10:04,0.250301543335357,-0.474171
22/03/2026 09:04,0.25149405488542986,-0.515451
22/03/2026 08:03,0.25279709993965854,-0.143851
22/03/2026 07:03,0.2531612758511977,-0.697193
22/03/2026 06:03,0.25493868995840546,0.255962
22/03/2026 05:03,0.25428780863056616,0.038903
22/03/2026 04:03,0.25418892176264174,0.679953
22/03/2026 03:04,0.2524722281265011,-0.053746
22/03/2026 02:00,0.2526079935760093,-0.187829
22/03/2026 01:03,0.2530833568922845,-2.506703
22/03/2026 00:01,0.2595905208526792,-0.257675
21/03/2026 23:04,0.260261148216519,-0.122337
21/03/2026 22:05,0.2605799337173055,0.361143
21/03/2026 21:01,0.2596422547534764,0.023399
21/03/2026 20:06,0.25958151516480427,-0.063173
21/03/2026 19:03,0.25974560530019414,0.078951
21/03/2026 18:01,0.2595406963212087,-0.453492
21/03/2026 17:03,0.2607230550220573,0.702945
21/03/2026 16:03,0.2589031079660933,0.189740
21/03/2026 15:01,0.25841279666971895,-0.062982
21/03/2026 14:03,0.2585756526451468,0.019377
21/03/2026 13:04,0.2585255572095823,-0.083538
21/03/2026 12:04,0.2587417039707744,-0.542121
21/03/2026 11:04,0.26015204363363353,-0.298009
21/03/2026 10:05,0.2609296384005469,0.140000
21/03/2026 09:03,0.26056484793549706,-0.221162
21/03/2026 08:00,0.26114239692866253,0.109761
21/03/2026 07:02,0.2608560796940089,0.341181
21/03/2026 06:02,0.2599691138245658,-0.104774
21/03/2026 05:01,0.2602417792476311,-0.183525
21/03/2026 04:01,0.26072026653565344,0.231596
21/03/2026 03:01,0.2601178445263813,-0.110011
21/03/2026 02:00,0.26040431707356065,0.043206
21/03/2026 01:01,0.2602918564038521,-0.089617
21/03/2026 00:02,0.26052533024408714,0.552287
20/03/2026 23:00,0.2590943857802053,0.694175
20/03/2026 22:03,0.2573082156455742,-0.121097
20/03/2026 21:01,0.25762018621583943,0.328121
20/03/2026 20:00,0.25677764488863164,-0.636432
20/03/2026 19:03,0.2584223265030564,0.052554
20/03/2026 18:02,0.2582865862991506,-0.096279
20/03/2026 17:02,0.2585355024115698,0.280045
20/03/2026 16:02,0.25781350959692834,-0.280214
20/03/2026 15:02,0.2585379697220423,-0.360474
20/03/2026 14:02,0.25947330260553425,-0.230012
20/03/2026 13:02,0.2600714988320105,-0.185003
20/03/2026 12:03,0.2605535313356715,0.360534
20/03/2026 11:03,0.25961752288833045,-0.907708
20/03/2026 10:03,0.26199567738829166,0.294689
20/03/2026 09:02,0.26122587445418083,0.033279
20/03/2026 08:03,0.26113897092590044,-0.469769
20/03/2026 07:03,0.2623715112159232,0.638681
20/03/2026 06:00,0.2607064283463443,0.157721
20/03/2026 05:01,0.2602958880220163,0.487209
20/03/2026 04:02,0.25903385229915343,-0.380069
20/03/2026 03:03,0.2600221149926883,0.676076
20/03/2026 02:03,0.25827597251539547,0.367928
20/03/2026 01:00,0.25732918575886793,-0.143857
20/03/2026 00:03,0.25769990433130613,-0.254057
19/03/2026 23:00,0.25835627601874345,0.542831
19/03/2026 22:01,0.25696140910771115,0.431431
19/03/2026 21:01,0.25585756104835305,0.601067
19/03/2026 20:01,0.2543288748840069,-0.654687
19/03/2026 19:03,0.25600490664105574,0.718787
19/03/2026 18:02,0.25417790942471713,-0.636106
19/03/2026 17:03,0.25580510058815414,-0.658711
19/03/2026 16:03,0.25750128947293177,-0.052976
19/03/2026 15:01,0.2576377764037,0.461057
19/03/2026 14:02,0.25645537100201177,-1.492397
19/03/2026 13:03,0.2603406867730242,-0.357378
19/03/2026 12:02,0.26127442448239874,-0.706248
19/03/2026 11:02,0.2631327942005976,0.839465
19/03/2026 10:03,0.26094227613158594,-0.157055
19/03/2026 09:02,0.2613527430222423,-0.908298
19/03/2026 08:03,0.2637483645989309,-0.257023
19/03/2026 07:00,0.2644280056351362,-0.532897
19/03/2026 06:03,0.26584468288427715,-0.423513
19/03/2026 05:02,0.26697535818940304,0.520293
19/03/2026 04:03,0.26559349474670213,-0.198630
19/03/2026 03:02,0.2661220931381302,-0.140103
19/03/2026 02:04,0.26649546117314754,-0.193136
19/03/2026 01:02,0.26701115476793497,0.199273
19/03/2026 00:02,0.266480131819617,-0.420313
18/03/2026 23:03,0.26760491098052297,0.754085
18/03/2026 22:02,0.2656020445140647,0.418049
18/03/2026 21:03,0.2644963205740968,0.040040
18/03/2026 20:02,0.26439045973457165,-0.472909
18/03/2026 19:02,0.26564672757130026,0.801218
18/03/2026 18:01,0.2635352359606408,-0.577000
18/03/2026 17:00,0.26506465870008944,0.172018
18/03/2026 16:02,0.2646094822112892,-1.594228
18/03/2026 15:01,0.26889630146268045,-0.362458
18/03/2026 14:02,0.26987448194199504,-1.218725
18/03/2026 13:03,0.2732040896585929,-2.203820
18/03/2026 12:00,0.2793606962019899,-0.614636
18/03/2026 11:02,0.28108836626694544,0.073612
18/03/2026 10:01,0.2808816023244913,0.105051
18/03/2026 09:02,0.2805868424627413,-0.332608
18/03/2026 08:03,0.28152321019429655,0.054263
18/03/2026 07:01,0.2813705288409445,-0.246783
18/03/2026 06:02,0.28206662229222285,-0.633925
18/03/2026 05:02,0.28386612152703283,0.280366
18/03/2026 04:03,0.2830724837155481,0.691020
18/03/2026 03:02,0.28112982161489547,0.360961
18/03/2026 02:03,0.2801187036000588,-0.400926
18/03/2026 01:03,0.28124629324135797,-0.682636
18/03/2026 00:02,0.28317937876838445,-0.319803
17/03/2026 23:02,0.28408790064562933,0.327089
17/03/2026 22:03,0.28316171108547317,0.768048
17/03/2026 21:03,0.28100346967451056,-0.670021
17/03/2026 20:02,0.2828989526605884,0.290913
17/03/2026 19:03,0.28207835056158587,0.479711
17/03/2026 18:03,0.280731649310275,0.202946
17/03/2026 17:04,0.2801630686947757,-0.012381
17/03/2026 16:03,0.2801977593054757,0.460675
17/03/2026 15:01,0.2789128768748793,0.062081
17/03/2026 14:03,0.2787398336167545,-0.904278
17/03/2026 13:00,0.28128341750378866,0.128091
17/03/2026 12:01,0.2809235803489304,-0.332425
17/03/2026 11:01,0.28186055391573256,-0.347407
17/03/2026 10:02,0.2828431709467808,-0.041165
17/03/2026 09:02,0.2829596520434024,0.630805
17/03/2026 08:03,0.28118591597556625,0.021450
17/03/2026 07:03,0.28112561528796,-0.049818
17/03/2026 06:02,0.28126573734955085,-0.685671
17/03/2026 05:02,0.28320761049900295,-1.861619
17/03/2026 04:02,0.2885798683610214,-0.152317
17/03/2026 03:00,0.2890200957708824,-0.034570
17/03/2026 02:03,0.2891200438306574,-0.030280
17/03/2026 01:02,0.28920761713741744,-0.261631
17/03/2026 00:02,0.28996625804126125,0.490069
16/03/2026 23:02,0.2885521547706957,0.541142
16/03/2026 22:03,0.2869990814539843,0.846183
16/03/2026 21:02,0.2845909201328212,-0.096710
16/03/2026 20:02,0.28486641443383687,-0.023732
16/03/2026 19:00,0.28493403410085333,0.556463
16/03/2026 18:01,0.28335725689207064,1.392328
16/03/2026 17:02,0.2794661699075143,-0.417047
16/03/2026 16:02,0.280636557328579,-0.126740
16/03/2026 15:02,0.2809926879558314,-0.025237
16/03/2026 14:01,0.28106361992654727,0.419002
16/03/2026 13:01,0.27989087205256735,-0.167519
16/03/2026 12:02,0.2803605291448859,-0.076177
16/03/2026 11:00,0.28057426101125643,0.294229
16/03/2026 10:03,0.2797511506430553,-0.830457
16/03/2026 09:03,0.2820938188870165,0.560841
16/03/2026 08:03,0.28052054528399606,-0.296631
16/03/2026 07:04,0.28135513046088384,0.853128
16/03/2026 06:04,0.27897511598703834,1.299298
16/03/2026 05:03,0.2753968898551653,1.754583
16/03/2026 04:02,0.27064814316582625,-0.274569
16/03/2026 03:03,0.2713933053071713,0.335648
16/03/2026 02:02,0.27048542689088406,0.092118
16/03/2026 01:04,0.2702364897997419,-0.407548
16/03/2026 00:03,0.27134234109184563,1.220475
15/03/2026 23:02,0.2680706059775653,0.260089
15/03/2026 22:03,0.2673751926041609,0.493665
15/03/2026 21:03,0.2660617382757519,0.603259
15/03/2026 20:02,0.26446632093155126,-0.785650
15/03/2026 19:03,0.2665605535747386,0.940606
15/03/2026 18:03,0.26407663314718555,-0.071698
15/03/2026 17:03,0.26426610789031396,-0.179386
15/03/2026 16:00,0.26474101715645576,0.158223
15/03/2026 15:02,0.2643227984125134,-0.673609
15/03/2026 14:01,0.2661153759266278,-0.254738
15/03/2026 13:02,0.26679500542595047,0.101273
15/03/2026 12:02,0.26652508657358814,0.563244
15/03/2026 11:01,0.2650323071766226,-0.042573
15/03/2026 10:01,0.2651451878380525,0.577854
15/03/2026 09:02,0.2636218387445431,-0.106688
15/03/2026 08:12,0.2639033930786546,-0.083656
15/03/2026 07:09,0.26412434811833535,-0.297270
15/03/2026 06:08,0.26491185114086735,-0.116685
15/03/2026 05:09,0.2652213252404525,-0.156821
15/03/2026 04:04,0.2656379023061693,1.290365
15/03/2026 03:04,0.2622538701640281,0.430848
15/03/2026 02:05,0.26112880230263347,-0.621073
15/03/2026 01:04,0.26276073763824714,1.243717
15/03/2026 00:03,0.25953288321057766,0.045221
14/03/2026 23:02,0.25941557171608787,0.123698
14/03/2026 22:02,0.25909507612573696,0.187306
14/03/2026 21:01,0.25861068340492804,-0.214125
14/03/2026 20:02,0.2591656215093457,-0.053200
14/03/2026 19:02,0.25930356971276974,-0.319224
14/03/2026 18:03,0.26013397899055846,0.369488
14/03/2026 17:02,0.2591763531837863,-0.065021
14/03/2026 16:03,0.2593449812069549,-0.377866
14/03/2026 15:02,0.2603286755241909,0.422664
14/03/2026 14:00,0.2592329907909462,-0.476598
14/03/2026 13:03,0.26047440724039067,0.784286
14/03/2026 12:02,0.2584474399370879,-0.113613
14/03/2026 11:01,0.2587414044952427,-0.179195
14/03/2026 10:03,0.2592058879820294,-0.136156
14/03/2026 09:02,0.2595592942159186,-0.265155
14/03/2026 08:03,0.2602493572099466,-0.985010
14/03/2026 07:03,0.26283834040492243,-0.357846
14/03/2026 06:02,0.26378227510940633,-0.194737
14/03/2026 05:02,0.26429695919158447,0.251943
14/03/2026 04:02,0.26363275465115465,-0.020990
14/03/2026 03:02,0.26368810256067365,0.722346
14/03/2026 02:02,0.26179702274312044,-0.541182
14/03/2026 01:02,0.26322152956364153,0.320609
14/03/2026 00:03,0.262380315812947,-1.061377
13/03/2026 23:02,0.26519503507220127,-0.283499
13/03/2026 22:02,0.2659489981379156,0.017173
13/03/2026 21:03,0.2659033357185113,0.402315
13/03/2026 20:03,0.2648378530158051,0.229227
13/03/2026 19:00,0.26423216083187956,-1.803419
13/03/2026 18:04,0.26908488825000365,0.322269
13/03/2026 17:03,0.26822049806118126,-0.616375
13/03/2026 16:02,0.2698839949243229,-2.081489
13/03/2026 15:02,0.2756210149618858,0.707775
13/03/2026 14:03,0.27368394783662775,1.525037
13/03/2026 13:03,0.2695728630466321,-0.173256
13/03/2026 12:03,0.2700407249080716,0.298727
13/03/2026 11:02,0.2692364428887587,0.780918
13/03/2026 10:02,0.2671502188192131,0.064743
13/03/2026 09:02,0.26697737064605936,0.012349
13/03/2026 08:01,0.2669444060534045,-0.306136
13/03/2026 07:02,0.26776412842985986,0.614146
13/03/2026 06:02,0.2661297035181745,-0.067248
13/03/2026 05:02,0.26630879052188355,0.553422
13/03/2026 04:03,0.2648430896317264,-0.531682
13/03/2026 03:01,0.26625873827346586,0.889223
13/03/2026 02:04,0.26391197318879445,1.706645
13/03/2026 01:03,0.2594835112198927,0.597399
13/03/2026 00:04,0.2579425658245304,-0.246580
12/03/2026 23:03,0.25858017313164744,0.545968
12/03/2026 22:04,0.25717607281722454,-0.742210
12/03/2026 21:02,0.2590991321487935,0.937231
12/03/2026 20:03,0.2566933235863759,-0.161689
12/03/2026 19:04,0.2571090396723246,-0.033310
12/03/2026 18:03,0.25719470997202837,0.454214
12/03/2026 17:04,0.25603177885417056,1.116055
12/03/2026 16:02,0.2532058628052925,-0.878808
12/03/2026 15:02,0.25545078511991187,-0.613870
12/03/2026 14:01,0.2570286079062297,0.262582
12/03/2026 13:01,0.2563554646848297,-0.188809
12/03/2026 12:03,0.2568404015092369,0.767885
12/03/2026 11:02,0.25488319167806145,0.262864
12/03/2026 10:02,0.2542149528973962,-0.087239
12/03/2026 09:03,0.25443691992972595,0.743255
12/03/2026 08:03,0.25255975764927135,0.278221
12/03/2026 07:03,0.2518590329922243,-0.123145
12/03/2026 06:02,0.2521695670111079,-0.045142
12/03/2026 05:02,0.25228345273600705,0.146466
12/03/2026 04:04,0.2519144843119803,-0.564436
12/03/2026 03:01,0.2533444517436675,-0.687144
12/03/2026 02:02,0.2550973386296054,-0.221441
12/03/2026 01:02,0.2556634814764229,-0.642442
12/03/2026 00:03,0.25731659209429225,-0.296738
11/03/2026 23:03,0.25808242183412144,0.582942
11/03/2026 22:02,0.2565866698534636,-0.599528
11/03/2026 21:03,0.2581342572263665,-0.008664
11/03/2026 20:03,0.2581566235272346,0.473151
11/03/2026 19:04,0.2569409052395032,-0.181159
11/03/2026 18:02,0.25740722058074705,0.463489
11/03/2026 17:03,0.2562196697418915,-1.052745
11/03/2026 16:03,0.2589457084011161,0.526053
11/03/2026 15:03,0.25759064629005923,0.746519
11/03/2026 14:02,0.25568193106275894,0.991689
11/03/2026 13:02,0.2531712599654992,-0.361048
11/03/2026 12:03,0.2540886410633869,0.483540
11/03/2026 11:02,0.2528659324393664,0.013908
11/03/2026 10:02,0.2528307696069713,-0.074700
11/03/2026 09:02,0.2530197765097504,-0.286059
11/03/2026 08:02,0.2537456374933177,0.564746
11/03/2026 07:03,0.2523206675512934,-1.018229
11/03/2026 06:02,0.25491629886763406,0.490580
11/03/2026 05:02,0.25367183580915886,0.246299
11/03/2026 04:03,0.2530485797611677,-0.456605
11/03/2026 03:02,0.2542093132982325,-0.290580
11/03/2026 02:03,0.25495014816907524,-0.006975
11/03/2026 01:03,0.25496793174529236,0.193272
11/03/2026 00:02,0.2544760998208809,0.279363
10/03/2026 23:00,0.2537671687960582,-0.823727
10/03/2026 22:03,0.2558748798017497,0.239203
10/03/2026 21:02,0.25526427894291404,-0.405325
10/03/2026 20:03,0.2563031388488469,-1.460750
10/03/2026 19:02,0.2601025884876996,-1.417077
10/03/2026 18:02,0.26384142481392253,0.519396
10/03/2026 17:04,0.26247812266031967,-0.744254
10/03/2026 16:03,0.2644462745191387,2.485749
10/03/2026 15:00,0.25803224139371916,-0.427047
10/03/2026 14:03,0.2591388869172217,-0.203162
10/03/2026 13:03,0.25966642927459793,-0.383183
10/03/2026 12:02,0.2606652531823419,-0.017121
10/03/2026 11:02,0.26070989039013176,1.071754
10/03/2026 10:03,0.25794534985692075,0.448051
10/03/2026 09:02,0.2567947786871218,0.696270
10/03/2026 08:00,0.255019157427988,0.122215
10/03/2026 07:00,0.25470786567341946,-0.637598
10/03/2026 06:02,0.25634229840803385,0.793334
10/03/2026 05:03,0.25432465379052155,-0.987334
10/03/2026 04:02,0.25686072792097836,1.205137
10/03/2026 03:03,0.25380206567832153,0.217760
10/03/2026 02:02,0.2532505876524624,1.036364
10/03/2026 01:02,0.25065291127238193,-0.103764
10/03/2026 00:03,0.2509132677413192,-1.530514
09/03/2026 23:03,0.25481321993794287,0.348065
09/03/2026 22:03,0.2539293801362579,0.103600
09/03/2026 21:03,0.25366658153848715,1.241440
09/03/2026 20:03,0.250556076930234,-0.218237
09/03/2026 19:02,0.2511040788441081,0.155732
09/03/2026 18:00,0.2507136379866023,-0.290612
09/03/2026 17:02,0.2514443661284915,-0.543042
09/03/2026 16:02,0.2528172710428308,-0.069046
09/03/2026 15:03,0.25299195233337674,1.138561
09/03/2026 14:03,0.25014391183551277,0.606487
09/03/2026 13:03,0.2486359664710626,0.010657
09/03/2026 12:03,0.24860947153098095,-0.533726
09/03/2026 11:02,0.24994348426278112,-0.078614
09/03/2026 10:01,0.2501401287641475,0.714338
09/03/2026 09:02,0.2483659562567064,-0.395340
09/03/2026 08:01,0.2493517440271395,-1.018487
09/03/2026 07:03,0.2519174907910185,1.429062
09/03/2026 06:05,0.24836815639372023,0.241163
09/03/2026 05:04,0.24777062432506133,0.348832
09/03/2026 04:04,0.24690932561719103,0.515778
09/03/2026 03:03,0.24564235698289638,0.006208
09/03/2026 02:04,0.24562710836307403,0.789303
09/03/2026 01:03,0.24370354777801426,-0.752560
09/03/2026 00:03,0.24555146896061564,-0.213749
08/03/2026 23:02,0.2460774558841938,-0.279144
08/03/2026 22:03,0.24676628924119334,-0.309204
08/03/2026 21:02,0.24753166818960132,1.115342
08/03/2026 20:01,0.24480129671841036,0.198287
08/03/2026 19:03,0.24431684847554797,0.059980
08/03/2026 18:01,0.24417039608511373,-0.412628
08/03/2026 17:02,0.24518208710105427,-0.301340
08/03/2026 16:02,0.2459231521557352,-0.218117
08/03/2026 15:02,0.24646072494764218,-0.637359
08/03/2026 14:03,0.248041640363004,-0.079150
08/03/2026 13:02,0.24823812193485303,-0.751175
08/03/2026 12:03,0.25011693784520556,0.595892
08/03/2026 11:00,0.24863533933187765,0.648281
08/03/2026 10:02,0.2470338651410274,0.201215
08/03/2026 09:03,0.24653779446398996,0.268077
08/03/2026 08:02,0.24587865052179905,-0.044899
08/03/2026 07:03,0.24598909684633694,0.776136
08/03/2026 06:02,0.24409459067410888,-0.501199
08/03/2026 05:03,0.2453241531826677,0.082162
08/03/2026 04:02,0.24512275444420079,-1.318681
08/03/2026 03:02,0.24839833603012504,0.075941
08/03/2026 02:04,0.24820984281536324,-0.267579
08/03/2026 01:03,0.2488757820269741,0.506187
08/03/2026 00:02,0.24762234888172688,-0.547553
07/03/2026 23:01,0.24898567723527304,-0.017509
07/03/2026 22:01,0.24902927913447345,0.305186
07/03/2026 21:01,0.2482715897667955,-0.673133
07/03/2026 20:02,0.24995411352040034,-0.547028
07/03/2026 19:03,0.2513289530185634,0.284480
07/03/2026 18:00,0.25061600173009024,0.111160
07/03/2026 17:02,0.25033772746296284,-0.585153
07/03/2026 16:02,0.25181120890693354,0.110664
07/03/2026 15:03,0.2515328516076293,0.283170
07/03/2026 14:01,0.2508225972135263,-0.987125
07/03/2026 13:03,0.2533232147198129,0.198904
07/03/2026 12:03,0.252820345051596,0.032835
07/03/2026 11:01,0.2527373590685432,0.290855
07/03/2026 10:03,0.2520043907362647,-0.047240
07/03/2026 09:00,0.2521234928462951,0.210596
07/03/2026 08:00,0.2515936468278009,-0.589827
07/03/2026 07:03,0.25308641766358786,0.006177
07/03/2026 06:02,0.2530707864331373,0.025548
07/03/2026 05:02,0.25300614882357775,-0.321875
07/03/2026 04:03,0.25382314267602496,-0.465378
07/03/2026 03:01,0.2550099027301098,-0.291511
07/03/2026 02:02,0.25575545695440904,0.125782
07/03/2026 01:01,0.2554341669941689,-0.240896
07/03/2026 00:02,0.2560509846895028,0.207457
06/03/2026 23:03,0.2555208883673053,0.356536
06/03/2026 22:02,0.25461310034877177,0.167298
06/03/2026 21:02,0.2541878486208164,-0.305555
06/03/2026 20:03,0.2549669135106082,0.808439
06/03/2026 19:03,0.2529221907342031,-0.276354
06/03/2026 18:03,0.2536230891912004,0.238465
06/03/2026 17:03,0.2530197246709445,-0.166653
06/03/2026 16:03,0.2534420924156721,-2.034518
06/03/2026 15:03,0.2587055031408034,-0.722869
06/03/2026 14:01,0.260589222873475,-0.586048
06/03/2026 13:02,0.26212540359360625,-0.555289
06/03/2026 12:02,0.2635890846266896,-0.060230
06/03/2026 11:01,0.26374793974000754,-1.124883
06/03/2026 10:02,0.2667485476947463,-0.730362
06/03/2026 09:03,0.2687111123158809,0.581788
06/03/2026 08:02,0.267156826409356,-0.056008
06/03/2026 07:02,0.2673065400916873,-0.300155
06/03/2026 06:01,0.268111289526764,-0.197838
06/03/2026 05:00,0.2686427662156998,0.280659
06/03/2026 04:00,0.26789090608255356,0.156686
06/03/2026 03:04,0.26747181634586636,1.203102
06/03/2026 02:03,0.2642921133262666,-0.179376
06/03/2026 01:00,0.264767041490018,-0.264249
06/03/2026 00:00,0.26546853840211204,0.206483
05/03/2026 23:01,0.2649215205859128,-0.607406
05/03/2026 22:00,0.26654050227827303,1.064011
05/03/2026 21:02,0.2637343399629612,0.479889
05/03/2026 20:03,0.26247475205521387,0.844630
05/03/2026 19:01,0.26027638095133415,-0.750293
05/03/2026 18:02,0.26224397799483157,-0.769237
05/03/2026 17:03,0.2642768940870471,-1.845677
05/03/2026 16:03,0.2692463107972194,0.422180
05/03/2026 15:03,0.2681143861825615,-1.147436
05/03/2026 14:03,0.2712265381975058,0.704773
05/03/2026 13:02,0.26932838479877935,-0.969554
05/03/2026 12:03,0.2719652348601277,1.753832
05/03/2026 11:03,0.26727763508296787,0.648242
05/03/2026 10:02,0.26555618780329554,0.375977
05/03/2026 09:03,0.2645614961844532,-1.070176
05/03/2026 08:04,0.26742339620863,0.554643
05/03/2026 07:01,0.2659483312463866,-0.646450
05/03/2026 06:03,0.2676787407798817,0.396539
05/03/2026 05:02,0.2666214820421882,0.117094
05/03/2026 04:03,0.2663096504792652,0.159866
05/03/2026 03:03,0.26588459037957324,-0.770279
05/03/2026 02:03,0.2679485428165125,-0.501675
05/03/2026 01:03,0.26929955243672493,-0.016995
05/03/2026 00:02,0.26934532820910306,-0.649578
04/03/2026 23:00,0.27110637630675355,-0.195111
04/03/2026 22:02,0.2716363699869344,-1.258578
04/03/2026 21:03,0.2750987025654186,0.286972
04/03/2026 20:03,0.2743115049399262,0.215778
04/03/2026 19:04,0.27372087480744345,-0.457914
04/03/2026 18:03,0.2749800464937568,-0.295845
04/03/2026 17:01,0.27579597527232497,2.667472
04/03/2026 16:02,0.2686303350552896,0.157128
04/03/2026 15:02,0.2682089028666666,1.471677
04/03/2026 14:00,0.26431898249847163,-0.640989
04/03/2026 13:03,0.26602416929775075,-0.724549
04/03/2026 12:02,0.2679657112237559,-0.886344
04/03/2026 11:02,0.27036204834381594,1.486787
04/03/2026 10:02,0.2664012303066413,3.015938
04/03/2026 09:01,0.258601955903233,0.991258
04/03/2026 08:01,0.25606370311510396,0.378039
04/03/2026 07:03,0.2550993278747531,0.412280
04/03/2026 06:01,0.25405192372461183,-0.124245
04/03/2026 05:00,0.2543679630313304,-1.452477
04/03/2026 04:03,0.25811705392163525,0.533404
04/03/2026 03:02,0.25674755277669775,0.569881
04/03/2026 02:02,0.25529268865009924,-0.169762
04/03/2026 01:01,0.2557268161204187,0.319315
04/03/2026 00:03,0.2549128407373324,0.953425
03/03/2026 23:03,0.25250539037450515,-0.365390
03/03/2026 22:03,0.2534314023187003,-0.650461
03/03/2026 21:03,0.25509066870332153,-0.425129
03/03/2026 20:00,0.2561797628169026,0.250981
03/03/2026 19:03,0.25553840890847623,0.232778
03/03/2026 18:03,0.2549449537617791,1.244644
03/03/2026 17:01,0.2518108049560963,0.810512
03/03/2026 16:04,0.2497862580874812,0.230009
03/03/2026 15:03,0.24921304688937057,-0.714596
03/03/2026 14:02,0.25100673191034406,0.278506
03/03/2026 13:02,0.2503096047942337,0.184327
03/03/2026 12:02,0.24984906500061027,0.173195
03/03/2026 11:02,0.24941708707587001,-0.594229
03/03/2026 10:02,0.2509080565470576,-1.648737
03/03/2026 09:01,0.25511421940595946,0.110669
03/03/2026 08:00,0.25483219938798485,0.268509
03/03/2026 07:03,0.2541497853189449,-0.234404
03/03/2026 06:03,0.2547469232634504,-0.701179
03/03/2026 05:02,0.2565457694613714,0.088503
03/03/2026 04:03,0.2563189192997484,-0.256145
03/03/2026 03:03,0.2569771525371275,-0.075313
03/03/2026 02:57,0.2571708368224152,0.006933
03/03/2026 02:02,0.2571530071193126,-0.290013
03/03/2026 01:02,0.25790095308483413,-1.516438
03/03/2026 00:02,0.2618720815046287,0.405963
02/03/2026 23:03,0.2608132760619423,0.085466
02/03/2026 22:02,0.26059055996808117,-0.442822
02/03/2026 21:03,0.26174964469656864,-0.104552
02/03/2026 20:03,0.26202359492529265,-0.137668
02/03/2026 19:02,0.2623848137422111,-2.044747
02/03/2026 18:01,0.2678619108770899,1.092046
02/03/2026 17:02,0.2649683347065792,2.848078
02/03/2026 16:00,0.25763080791514165,3.110595
02/03/2026 15:03,0.2498587159317328,-0.460183
02/03/2026 14:02,0.25101383959830875,-0.641652
02/03/2026 13:04,0.2526348756334068,0.104733
02/03/2026 12:01,0.2523705612369001,-0.084529
02/03/2026 11:02,0.25258406867509753,0.149099
02/03/2026 10:01,0.2522080288209238,0.268901
02/03/2026 09:01,0.2515316573500184,-0.335506
02/03/2026 08:01,0.25237840198883044,-1.098293
02/03/2026 07:01,0.2551810364732608,0.050674
02/03/2026 06:01,0.2550517913800928,-0.510980
02/03/2026 05:01,0.25636174856036636,0.973211
02/03/2026 04:01,0.2538908540815793,-0.571276
02/03/2026 03:02,0.2553496047611137,-0.231601
02/03/2026 02:02,0.2559423694767002,1.561215
02/03/2026 01:03,0.2520079827148222,0.284999
02/03/2026 00:03,0.25129180311800514,-0.097108
01/03/2026 23:04,0.2515360641886339,1.242122
01/03/2026 22:02,0.24845001163806413,-1.414733
01/03/2026 21:02,0.25201535663520086,-1.411259
01/03/2026 20:03,0.2556228567025699,0.321945
01/03/2026 19:02,0.25480253285200694,-0.725092
01/03/2026 18:04,0.2566635788433004,-1.263162
01/03/2026 17:04,0.2599471311449698,0.286872
01/03/2026 16:03,0.2592035475567048,-0.890636
01/03/2026 15:03,0.261532852635116,1.670022
01/03/2026 14:03,0.2572369395185755,-0.368960
01/03/2026 13:01,0.2581895564735628,-0.154948
01/03/2026 12:02,0.2585902366196545,0.104992
01/03/2026 11:03,0.2583190227795107,-0.556482
01/03/2026 10:02,0.25976456493765243,-1.525486
01/03/2026 09:02,0.26378862361619104,0.336545
01/03/2026 08:02,0.2629038341329914,-0.983816
01/03/2026 07:03,0.2655160230021628,-0.182184
01/03/2026 06:00,0.26600063351970193,-0.248887
01/03/2026 05:03,0.26666432522419864,-1.313169
01/03/2026 04:03,0.27021267418865585,1.622826
01/03/2026 03:01,0.2658976191644406,1.996571
01/03/2026 02:02,0.2606927030940173,-0.254893
01/03/2026 01:01,0.26135888755491254,-0.523159
01/03/2026 00:00,0.26273340003794876,0.884309
28/02/2026 23:01,0.26043038964575244,-0.617060
28/02/2026 22:00,0.2620473797295718,1.757900
28/02/2026 21:03,0.25752042754957005,1.591608
28/02/2026 20:02,0.2534859249230233,2.164488
28/02/2026 19:03,0.24811549452447612,0.182053
28/02/2026 18:01,0.2476646129644432,0.301360
28/02/2026 17:02,0.2469204927295265,0.522446
28/02/2026 16:02,0.24563717117139494,-0.271618
28/02/2026 15:02,0.24630618417522557,2.080443
28/02/2026 14:02,0.24128635865483994,-0.113388
28/02/2026 13:01,0.24156025923740335,-0.035361
28/02/2026 12:03,0.24164570841202163,0.153773
28/02/2026 11:02,0.24127469416104996,-0.366675
28/02/2026 10:03,0.24216264351166117,-1.429543
28/02/2026 09:02,0.24567466922052061,0.863261
28/02/2026 08:00,0.2435720063126556,-3.848858
28/02/2026 07:02,0.2533220095582977,-0.697189
28/02/2026 06:01,0.25510054371361546,-0.409125
28/02/2026 05:03,0.25614851113338105,-0.621126
28/02/2026 04:02,0.25774945922929454,0.427448
28/02/2026 03:03,0.25665240267160744,-0.585401
28/02/2026 02:03,0.2581636947252143,0.424733
28/02/2026 01:01,0.2570718257691553,0.492048
28/02/2026 00:01,0.2558131018136709,0.139936
27/02/2026 23:00,0.25545562726999255,-0.417539
27/02/2026 22:01,0.25652672584116726,0.591028
27/02/2026 21:02,0.25501948938159025,-0.680775
27/02/2026 20:03,0.2567674984150195,-0.470852
27/02/2026 19:02,0.2579822128935665,0.509660
27/02/2026 18:03,0.25667404721363274,-0.977442
27/02/2026 17:03,0.25920765149291636,0.003185
27/02/2026 16:03,0.25919939560320077,-0.721262
27/02/2026 15:03,0.261082485542131,0.159285
27/02/2026 14:01,0.26066728179174886,-0.453650
27/02/2026 13:02,0.26185518842266525,-1.283014
27/02/2026 12:03,0.2652584918954894,-1.647393
27/02/2026 11:03,0.26970153730271484,-0.784772
27/02/2026 10:03,0.2718348202846847,0.409072
27/02/2026 09:01,0.27072734986979474,0.161472
27/02/2026 08:02,0.2702909059740987,-0.013024
27/02/2026 07:02,0.27032611384223265,0.102765
27/02/2026 06:02,0.27004859875988524,1.056819
27/02/2026 05:02,0.26722452009869596,0.753169
27/02/2026 04:04,0.26522691236281287,0.124601
27/02/2026 03:02,0.26489684824274795,0.079326
27/02/2026 02:00,0.26468688275428814,-0.500000
27/02/2026 01:02,0.26601696863023433,-0.120684
27/02/2026 00:04,0.2663383959174626,0.519535
26/02/2026 23:00,0.264961827466,0.161113
26/02/2026 22:02,0.2645356248741735,-0.352995
26/02/2026 21:03,0.2654727293969645,1.025763
26/02/2026 20:02,0.2627772587124549,1.133720
26/02/2026 19:03,0.2598314980791945,0.131399
26/02/2026 18:03,0.2594905302343648,-3.361271
26/02/2026 17:02,0.2685160835993108,-0.447433
26/02/2026 16:02,0.26972291367497075,-0.254887
26/02/2026 15:03,0.2704121583835733,-0.656791
26/02/2026 14:01,0.27219994357373584,0.982510
26/02/2026 13:02,0.26955157221948933,-0.874139
26/02/2026 12:03,0.2719286054286608,-1.129215
26/02/2026 11:03,0.27503433567554,0.999416
26/02/2026 10:03,0.27231279666738506,0.628714
26/02/2026 09:02,0.27061142466066546,-0.024326
26/02/2026 08:02,0.27067727042340833,-0.762478
26/02/2026 07:03,0.27275698254526154,-1.111769
26/02/2026 06:03,0.2758235037685425,0.480120
26/02/2026 05:00,0.27450554693207857,-0.385645
26/02/2026 04:02,0.27556826198857065,0.412752
26/02/2026 03:00,0.2744355241671911,-0.011097
26/02/2026 02:02,0.2744659814989467,-0.289992
26/02/2026 01:03,0.2752642267591369,-2.046461
26/02/2026 00:02,0.2810150920148119,-2.858174
25/02/2026 23:00,0.2892833138382001,0.450707
25/02/2026 22:02,0.2879853440632121,1.477898
25/02/2026 21:02,0.2837912000005568,1.330187
25/02/2026 20:03,0.2800658010537447,0.750145
25/02/2026 19:00,0.27798054448215337,1.096957
25/02/2026 18:01,0.2749643033462206,1.403031
25/02/2026 17:00,0.27115984793388564,1.008949
25/02/2026 16:02,0.2684513107252006,1.804187
25/02/2026 15:01,0.26369378143392347,0.461113
25/02/2026 14:03,0.2624834356325333,2.136177
25/02/2026 13:03,0.2569935977514241,0.337090
25/02/2026 12:02,0.25613020953058196,-0.361070
25/02/2026 11:02,0.2570583706536218,0.688882
25/02/2026 10:02,0.25529965667663096,0.917626
25/02/2026 09:02,0.25297826221065395,0.479410
25/02/2026 08:00,0.25177124683186874,0.278945
25/02/2026 07:02,0.25107089755411877,-0.902740
25/02/2026 06:02,0.2533580632092712,0.003900
25/02/2026 05:02,0.25334818316409446,-1.162407
25/02/2026 04:02,0.2563277560873577,0.161542
25/02/2026 03:01,0.2559143460638553,3.706269
25/02/2026 02:02,0.24676844476227205,0.131570
25/02/2026 01:02,0.2464441982046198,-0.370463
25/02/2026 00:02,0.24736057765486447,0.150755
24/02/2026 23:03,0.24698823170952142,-0.946902
24/02/2026 22:03,0.24934932638999593,-0.267384
24/02/2026 21:02,0.25001783316385373,-0.159911
24/02/2026 20:02,0.25041827852189513,0.204020
24/02/2026 19:02,0.24990841484604898,-0.328022
24/02/2026 18:03,0.2507308681817501,1.278213
24/02/2026 17:01,0.24756644114396645,-0.685896
24/02/2026 16:02,0.24927621721317936,2.468299
24/02/2026 15:02,0.2432715472746267,-0.493251
24/02/2026 14:02,0.2444774335210846,0.511383
24/02/2026 13:03,0.2432335794287338,0.052871
24/02/2026 12:04,0.24310504798545324,-0.313196
24/02/2026 11:02,0.2438688351157865,-0.656488
24/02/2026 10:03,0.2454803841044367,0.486251
24/02/2026 09:00,0.24429250841329334,-0.024675
24/02/2026 08:02,0.24435280164292744,-0.170895
24/02/2026 07:03,0.2447711035314094,-0.063432
24/02/2026 06:03,0.24492646451478856,-0.021397
24/02/2026 05:01,0.2449788833661188,-0.980218
24/02/2026 04:02,0.2474039815192005,-0.324279
24/02/2026 03:02,0.2482088717086311,-0.689369
24/02/2026 02:03,0.2499318235098518,0.655948
24/02/2026 01:00,0.2483030832047125,-0.533782
24/02/2026 00:01,0.2496355942793987,0.175478
23/02/2026 23:02,0.24919830636083803,0.471767
23/02/2026 22:03,0.24802819097596535,0.298940
23/02/2026 21:01,0.24728894559091905,-0.983319
23/02/2026 20:04,0.2497447321153703,0.627304
23/02/2026 19:02,0.24818783880155404,-0.960621
23/02/2026 18:04,0.2505951076771986,-0.614199
23/02/2026 17:03,0.2521437727908072,-1.170911
23/02/2026 16:00,0.25513113235369733,-0.414746
23/02/2026 15:01,0.2561936849221872,-1.026973
23/02/2026 14:02,0.2588520250004751,1.192997
23/02/2026 13:02,0.255800335265258,-0.183949
23/02/2026 12:02,0.2562717438252204,-0.330893
23/02/2026 11:02,0.25712254349465774,2.233158
23/02/2026 10:02,0.25150601627153096,-0.696458
23/02/2026 09:01,0.2532699356587359,-0.225697
23/02/2026 08:00,0.2538428503164924,1.458474
23/02/2026 07:02,0.25019383779106047,0.613618
23/02/2026 06:03,0.24866796721481593,-0.451968
23/02/2026 05:00,0.24979696892267286,-0.152548
23/02/2026 04:03,0.25017861106706235,0.584828
23/02/2026 03:00,0.2487240024728797,-4.073894
23/02/2026 02:02,0.25928708247752474,-1.109893
23/02/2026 01:02,0.2621971919730675,0.114443
23/02/2026 00:02,0.26189746917521445,0.448102
22/02/2026 23:00,0.26072913757846256,0.465382
22/02/2026 22:02,0.259521371643874,0.038741
22/02/2026 21:03,0.25942086864010083,-0.153747
22/02/2026 20:01,0.2598203341695118,0.122687
22/02/2026 19:00,0.2595019580167721,-0.598911
22/02/2026 18:02,0.26106550838686493,-0.266726
22/02/2026 17:02,0.26176370131135707,0.401366
22/02/2026 16:01,0.2607172717494813,-0.178396
22/02/2026 15:00,0.2611832130274696,-0.540892
22/02/2026 14:02,0.26260361368685775,-1.018425
22/02/2026 13:03,0.2653055526488295,0.345994
22/02/2026 12:02,0.26439077752260554,0.276301
22/02/2026 11:02,0.2636622765648615,0.700796
22/02/2026 10:01,0.26182740167031415,-0.415983
22/02/2026 09:02,0.2629211086398347,-0.799069
22/02/2026 08:00,0.2650389515511136,0.301334
22/02/2026 07:03,0.26424269756951946,-0.155055
22/02/2026 06:02,0.26465305622015317,0.088685
22/02/2026 05:02,0.2644185566116778,0.172685
22/02/2026 04:02,0.2639627327435936,-1.028789
22/02/2026 03:02,0.2667065820542535,0.494693
22/02/2026 02:00,0.2653936967940384,-0.693729
22/02/2026 01:02,0.26724767088768064,-0.052470
22/02/2026 00:03,0.2673879685577986,-0.262684
21/02/2026 23:00,0.2680922042755665,0.029271
21/02/2026 22:03,0.26801375488701523,-0.520855
21/02/2026 21:04,0.2694170278288737,-0.377679
21/02/2026 20:02,0.270438416695094,0.316203
21/02/2026 19:02,0.2695859770107744,0.029820
21/02/2026 18:00,0.26950561166605,-0.865711
21/02/2026 17:02,0.2718591265678007,-0.317035
21/02/2026 16:01,0.2727237568128469,0.250103
21/02/2026 15:02,0.2720433677458211,0.670600
21/02/2026 14:02,0.27023119688767466,-0.569596
21/02/2026 13:01,0.2717792408877269,0.262549
21/02/2026 12:02,0.27106755600756716,-0.056270
21/02/2026 11:00,0.2712201708377754,0.408371
21/02/2026 10:02,0.27011709155813074,0.794198
21/02/2026 09:01,0.2679887310873318,0.323585
21/02/2026 08:00,0.2671243579512432,-0.353324
21/02/2026 07:01,0.26807151823596537,0.279064
21/02/2026 06:02,0.2673255101317907,-0.082488
21/02/2026 05:03,0.2675462026809719,-0.536164
21/02/2026 04:00,0.2689884224219293,0.377875
21/02/2026 03:00,0.2679758079842088,0.722259
21/02/2026 02:01,0.26605420880996244,-0.543009
21/02/2026 01:01,0.26750679363704083,-0.219236
21/02/2026 00:03,0.2680945528548003,0.334668
20/02/2026 23:03,0.2672003181517799,0.255929
20/02/2026 22:02,0.26651822181108475,-0.162877
20/02/2026 21:03,0.2669530277689246,-0.574763
20/02/2026 20:00,0.268496245949049,-0.306776
20/02/2026 19:01,0.26932246339972565,0.048807
20/02/2026 18:01,0.269191079073974,0.029827
20/02/2026 17:03,0.26911081107861223,2.870622
20/02/2026 16:03,0.26160122773031363,1.266674
20/02/2026 15:02,0.25832904091439296,-1.768202
20/02/2026 14:03,0.2629790417569905,-0.067868
20/02/2026 13:03,0.26315764058525465,-0.816091
20/02/2026 12:01,0.265322918166944,0.164846
20/02/2026 11:02,0.264886264900888,0.799427
20/02/2026 10:02,0.2627854865718707,-0.011765
20/02/2026 09:03,0.2628164061599554,-0.373021
20/02/2026 08:02,0.2638004381674502,0.118835
20/02/2026 07:03,0.26348732334552816,1.020463
20/02/2026 06:02,0.26082569282333146,-0.684174
20/02/2026 05:03,0.26262248636538654,0.063492
20/02/2026 04:02,0.2624558479205141,-0.452234
20/02/2026 03:03,0.26364815344098447,-0.044376
20/02/2026 02:02,0.263765201506774,0.776444
20/02/2026 01:01,0.2617329908431774,0.691667
20/02/2026 00:03,0.2599351064716157,0.034027
19/02/2026 23:02,0.2598466886123238,-0.272217
19/02/2026 22:03,0.2605559657108098,0.381908
19/02/2026 21:00,0.25956466829738833,-0.382473
19/02/2026 20:01,0.26056124444757595,1.337024
19/02/2026 19:00,0.25712344292143785,-0.096693
19/02/2026 18:01,0.25737230296003094,0.109068
19/02/2026 17:02,0.2570918977330104,-0.768691
19/02/2026 16:02,0.2590834488176967,0.803206
19/02/2026 15:01,0.25701905577430606,-0.923662
19/02/2026 14:01,0.2594151746947837,-0.490206
19/02/2026 13:02,0.2606931083752281,-0.474042
19/02/2026 12:02,0.26193479032086436,-0.312645
19/02/2026 11:02,0.2627562849500687,0.059109
19/02/2026 10:02,0.26260106525235294,-1.748086
19/02/2026 09:02,0.2672732311268096,0.022165
19/02/2026 08:02,0.26721400244077115,0.596814
19/02/2026 07:01,0.2656286943390475,-0.842939
19/02/2026 06:03,0.2678868169806385,0.094786
19/02/2026 05:02,0.26763313753098134,0.038860
19/02/2026 04:04,0.26752917452558556,0.110792
19/02/2026 03:02,0.26723310191511007,1.479632
19/02/2026 02:02,0.26333668762406476,-0.520541
19/02/2026 01:02,0.2647146362778451,0.195394
19/02/2026 00:02,0.26419840776335995,-0.145924
18/02/2026 23:02,0.2645845000376035,-0.357853
18/02/2026 22:01,0.2655347244629571,0.325029
18/02/2026 21:01,0.2646744564480586,-1.094074
18/02/2026 20:01,0.26760222191764493,-1.157924
18/02/2026 19:01,0.27073715358494793,-0.140277
18/02/2026 18:00,0.27111746907806844,-1.330284
18/02/2026 17:02,0.274772727502609,1.011845
18/02/2026 16:02,0.27202030402706523,0.505592
18/02/2026 15:01,0.27065190964926233,-1.004482
18/02/2026 14:03,0.2733981447530721,0.429801
18/02/2026 13:03,0.2722281043598829,-1.007844
18/02/2026 12:02,0.2749996726502601,-1.104503
18/02/2026 11:03,0.2780709760684383,0.195696
18/02/2026 10:01,0.2775278663986103,-0.433062
18/02/2026 09:00,0.2787349603105525,1.166915
18/02/2026 08:01,0.27551987670316136,-0.019512
18/02/2026 07:01,0.2755736464220214,-0.116755
18/02/2026 06:01,0.2758957684281916,0.023381
18/02/2026 05:02,0.27583127658065065,0.519650
18/02/2026 04:01,0.2744053291660268,0.741933
18/02/2026 03:01,0.272384418009422,-0.281644
18/02/2026 02:02,0.2731537388080141,-0.508091
18/02/2026 01:01,0.27454869528469694,0.099207
18/02/2026 00:02,0.2742765946212494,-0.215332
17/02/2026 23:03,0.2748684742691737,-0.025705
17/02/2026 22:02,0.27493914704583267,-0.044127
17/02/2026 21:04,0.2750605227996184,-0.787955
17/02/2026 20:03,0.27724508802926756,1.402762
17/02/2026 19:02,0.2734098004564657,-1.397324
17/02/2026 18:02,0.27728436062559825,1.206766
17/02/2026 17:00,0.27397808584692207,1.004637
17/02/2026 16:00,0.27125297907565327,-1.876663
17/02/2026 15:00,0.27644084266826074,0.627857
17/02/2026 14:02,0.2747160178173799,0.220825
17/02/2026 13:02,0.2741107116875523,0.233941
17/02/2026 12:02,0.27347095093569024,-0.508538
17/02/2026 11:03,0.27486876313103825,-0.023180
17/02/2026 10:00,0.2749324925526769,-0.558750
17/02/2026 09:02,0.2764773097065469,-0.217788
17/02/2026 08:04,0.2770807576587124,0.470814
17/02/2026 07:03,0.27578233658069695,-0.626323
17/02/2026 06:00,0.2775205101487829,0.168718
17/02/2026 05:02,0.27705307284448116,-0.403212
17/02/2026 04:02,0.2781747052835721,0.533716
17/02/2026 03:02,0.27669792402599014,-0.013415
17/02/2026 02:02,0.27673504675669264,-0.483863
17/02/2026 01:00,0.27808057447651247,0.188385
17/02/2026 00:02,0.2775576973415995,0.035520
16/02/2026 23:04,0.277459144101177,0.538199
16/02/2026 22:03,0.27597385505012123,0.475936
16/02/2026 21:03,0.27466661805979253,0.555257
16/02/2026 20:02,0.2731499344485938,-0.124610
16/02/2026 19:02,0.27349073032900645,0.152004
16/02/2026 18:03,0.2730756454815319,0.987106
16/02/2026 17:02,0.27040644821098014,-1.870617
16/02/2026 16:03,0.27556114230120105,1.005485
16/02/2026 15:02,0.2728179978463351,-2.873886
16/02/2026 14:02,0.2808904700083128,1.947950
16/02/2026 13:02,0.275523410844351,-0.270943
16/02/2026 12:02,0.2762719495055787,-0.734755
16/02/2026 11:02,0.2783168954586847,1.193087
16/02/2026 10:03,0.27503548339079603,0.128774
16/02/2026 09:01,0.27468176495420055,-0.546090
16/02/2026 08:02,0.27619001089782813,0.941210
16/02/2026 07:02,0.2736147221273019,-1.471420
16/02/2026 06:02,0.27770086818350986,1.000757
16/02/2026 05:00,0.27494929478037655,0.183689
16/02/2026 04:02,0.2744451687041068,-0.568785
16/02/2026 03:02,0.2760151025272547,-0.053645
16/02/2026 02:02,0.27616325029015637,0.238444
16/02/2026 01:02,0.2755063212680387,-0.150916
16/02/2026 00:04,0.2759227336683314,0.481252
15/02/2026 23:02,0.2746012094317161,0.657013
15/02/2026 22:02,0.2728088199287075,0.471142
15/02/2026 21:02,0.2715295291512577,-0.042556
15/02/2026 20:03,0.27164512911127064,-0.900996
15/02/2026 19:02,0.2741148931037043,-1.686085
15/02/2026 18:02,0.2788159660203998,-0.605534
15/02/2026 17:03,0.28051457847680816,0.230378
15/02/2026 16:03,0.27986981900709307,1.118331
15/02/2026 15:03,0.2767745635230955,-1.348936
15/02/2026 14:01,0.280559125577654,-1.869653
15/02/2026 13:02,0.2859045475521506,-0.227390
15/02/2026 12:02,0.2865561482498632,-0.462785
15/02/2026 11:02,0.28788845158874926,0.071039
15/02/2026 10:02,0.2876840842586418,-1.256609
15/02/2026 09:00,0.29134515450275406,0.032646
15/02/2026 08:00,0.2912500716998546,-0.386003
15/02/2026 07:02,0.2923786630668138,-0.127694
15/02/2026 06:02,0.29275249102686557,0.645243
15/02/2026 05:03,0.2908756367860488,0.562607
15/02/2026 04:02,0.28924830516545663,-1.279524
15/02/2026 03:02,0.2929972744531979,-0.182516
15/02/2026 02:02,0.2935330200754248,-0.280687
15/02/2026 01:03,0.2943592487538326,0.037195
15/02/2026 00:02,0.29424980240333326,0.729520
14/02/2026 23:03,0.29211873760774326,-0.392919
14/02/2026 22:02,0.29327105595521097,-0.481227
14/02/2026 21:03,0.29468917855533205,1.787647
14/02/2026 20:02,0.28951369428630835,1.646877
14/02/2026 19:03,0.2848230100276738,-0.213282
14/02/2026 18:03,0.28543178375125655,0.339736
14/02/2026 17:03,0.2844653538880268,0.886289
14/02/2026 16:02,0.2819663177187119,1.191245
14/02/2026 15:01,0.2786469502744188,-0.887055
14/02/2026 14:03,0.2811408235145931,-0.551460
14/02/2026 13:02,0.2826997997807857,1.789479
14/02/2026 12:03,0.2777298814340434,-0.373582
14/02/2026 11:01,0.2787713219159099,0.330255
14/02/2026 10:03,0.27785369612588867,1.400533
14/02/2026 09:03,0.27401601057814434,1.454656
14/02/2026 08:03,0.2700871705991489,-0.449406
14/02/2026 07:02,0.27130643665536053,-1.452935
14/02/2026 06:04,0.2753064614789942,1.074825
14/02/2026 05:02,0.2723788645787582,0.246856
14/02/2026 04:01,0.2717081359371323,0.384209
14/02/2026 03:01,0.2706682037954961,0.881790
14/02/2026 02:00,0.26830233977540824,1.791245
14/02/2026 01:02,0.263580958924279,-0.021559
14/02/2026 00:02,0.2636377973667101,-0.178096
13/02/2026 23:01,0.26410816353801003,0.237511
13/02/2026 22:03,0.2634823647001105,0.168217
13/02/2026 21:02,0.26303988722960275,-0.007126
13/02/2026 20:03,0.26305863373340715,-0.241556
13/02/2026 19:00,0.2636956072546482,-0.109298
13/02/2026 18:01,0.2639841367215235,1.609342
13/02/2026 17:00,0.2598030179401247,1.004431
13/02/2026 16:01,0.2572194272874839,0.665046
13/02/2026 15:02,0.25552010077299897,0.477226
13/02/2026 14:00,0.25430648446642573,0.098363
13/02/2026 13:02,0.2540565863983199,-0.301475
13/02/2026 12:02,0.254824819058378,0.347843
13/02/2026 11:02,0.253941502328564,0.668409
13/02/2026 10:04,0.2522554042692319,1.376765
13/02/2026 09:02,0.24882960598341874,0.169356
13/02/2026 08:03,0.24840891137844684,0.494795
13/02/2026 07:02,0.24718584778689967,-0.074555
13/02/2026 06:03,0.24737027371998135,-0.608890
13/02/2026 05:03,0.24888571391361577,-0.158161
13/02/2026 04:00,0.24927997675921554,0.080123
13/02/2026 03:03,0.24908040483088903,0.335553
13/02/2026 02:03,0.24824740359079728,-1.132017
13/02/2026 01:03,0.25108978208836524,0.409314
13/02/2026 00:02,0.2500662250785134,1.434790
12/02/2026 23:03,0.24652905173148953,0.511108
12/02/2026 22:01,0.24527542993366583,-1.274929
12/02/2026 21:00,0.24844289989091456,0.622397
12/02/2026 20:00,0.24690616237424404,0.669439
12/02/2026 19:02,0.24526426659270936,0.396304
12/02/2026 18:03,0.24429611243332797,-2.404277
12/02/2026 17:00,0.2503143638698797,-1.347135
12/02/2026 16:02,0.25373248412303606,-0.549186
12/02/2026 15:00,0.255133641667045,0.295271
12/02/2026 14:03,0.25438252276524254,-1.105942
12/02/2026 13:01,0.25722730639622177,-0.741216
12/02/2026 12:01,0.25914815350356596,1.714549
12/02/2026 11:02,0.25477982838580576,1.814872
12/02/2026 10:02,0.2502383233626412,-0.201647
12/02/2026 09:03,0.2507439401617085,0.879223
12/02/2026 08:02,0.24855855534003,0.740778
12/02/2026 07:01,0.2467308273522945,0.268227
12/02/2026 06:02,0.24607079929893183,0.021590
12/02/2026 05:03,0.24601768519407757,0.121427
12/02/2026 04:02,0.24571931592600585,-0.059574
12/02/2026 03:03,0.2458657873909659,0.632530
12/02/2026 02:04,0.2443203872540672,1.382881
12/02/2026 01:03,0.24098781342638093,-0.734887
12/02/2026 00:03,0.242771912480857,-1.336377
11/02/2026 23:00,0.2460602051615307,0.962518
11/02/2026 22:00,0.24371441076472045,0.330653
11/02/2026 21:02,0.24291121767077056,-0.335887
11/02/2026 20:01,0.24372987502054605,0.940763
11/02/2026 19:03,0.24145832450525698,1.654488
11/02/2026 18:02,0.23752844396227307,-0.202430
11/02/2026 17:03,0.23801024895092557,-0.838565
11/02/2026 16:02,0.24002299752052894,-0.841921
11/02/2026 15:03,0.24206095950054352,0.847870
11/02/2026 14:02,0.24002585272493984,0.113857
11/02/2026 13:04,0.2397528773627205,0.825037
11/02/2026 12:03,0.23779101249979454,-0.488712
11/02/2026 11:03,0.23895883318836394,-0.228599
11/02/2026 10:03,0.23950634244032112,-0.456090
11/02/2026 09:00,0.2406037118340426,0.355055
11/02/2026 08:01,0.23975245924800287,-1.613839
11/02/2026 07:03,0.243685145998235,-0.108424
11/02/2026 06:03,0.24394964502289607,-1.819479
11/02/2026 05:02,0.24847051437906886,-0.037412
11/02/2026 04:02,0.24856350783222905,-0.142521
11/02/2026 03:03,0.24891826831124106,0.173611
11/02/2026 02:03,0.24848686861248595,0.439563
11/02/2026 01:03,0.24739939359736154,0.301261
11/02/2026 00:03,0.24665631342612493,0.105735
10/02/2026 23:03,0.24639578619495647,-0.128974
10/02/2026 22:00,0.24671398274736095,0.171118
10/02/2026 21:03,0.2462925327429473,0.496325
10/02/2026 20:02,0.24507615829229926,-1.610514
10/02/2026 19:03,0.24908775182227474,0.521262
10/02/2026 18:01,0.24779608530997152,0.116657
10/02/2026 17:01,0.24750734960137602,0.727068
10/02/2026 16:03,0.24572079275954914,-0.076134
10/02/2026 15:03,0.2459080129238997,0.775437
10/02/2026 14:03,0.2440158238316698,-0.368770
10/02/2026 13:03,0.24491901263344298,-0.153372
10/02/2026 12:02,0.2452952266604434,-0.247215
10/02/2026 11:03,0.24590313542471165,-0.172613
10/02/2026 10:02,0.24632832944427074,0.459762
10/02/2026 09:02,0.24520098951779992,0.626247
10/02/2026 08:02,0.24367498147757932,-1.527308
10/02/2026 07:03,0.24745437232402206,-0.924249
10/02/2026 06:04,0.24976280204662665,0.454073
10/02/2026 05:02,0.2486338225293672,-1.323614
10/02/2026 04:02,0.2519689186513294,-0.407175
10/02/2026 03:03,0.25299906705887465,1.147650
10/02/2026 02:03,0.25012846827301927,-0.180730
10/02/2026 01:04,0.2505813433772752,-0.323987
10/02/2026 00:04,0.2513958342096916,-0.078224
09/02/2026 23:03,0.2515926407132996,-0.463098
09/02/2026 22:04,0.25276318147114935,-0.131059
09/02/2026 21:03,0.25309488500520166,-0.014485
09/02/2026 20:04,0.2531315522294835,-0.269930
09/02/2026 19:03,0.25381667879165354,0.501427
09/02/2026 18:03,0.2525503221486538,1.328261
09/02/2026 17:01,0.24923976783225438,1.390200
09/02/2026 16:00,0.2458223461047721,1.490881
09/02/2026 15:04,0.24221126351320402,-0.663117
09/02/2026 14:02,0.24382813000422102,0.488400
09/02/2026 13:03,0.24264306222971643,0.496244
09/02/2026 12:03,0.24144490536124136,-1.277537
09/02/2026 11:04,0.24456937077390795,-0.539385
09/02/2026 10:01,0.24589569578621495,-0.930285
09/02/2026 09:04,0.2482047078467095,-1.673598
09/02/2026 08:03,0.2524293598777437,-1.349369
09/02/2026 07:04,0.25588215456033647,-0.153750
09/02/2026 06:03,0.2562761800287625,-0.682015
09/02/2026 05:04,0.2580360237287351,0.717223
09/02/2026 04:03,0.25619850898521584,0.317390
09/02/2026 03:02,0.25538793210999405,-0.267957
09/02/2026 02:04,0.2560741009618857,-0.842652
09/02/2026 01:03,0.25825025237789034,-0.278907
09/02/2026 00:04,0.2589725446548207,0.810790
08/02/2026 23:02,0.25688970965665786,-0.415468
08/02/2026 22:03,0.25796145770278,-0.996471
08/02/2026 21:04,0.2605578420439613,0.884165
08/02/2026 20:03,0.258274270934373,0.795203
08/02/2026 19:04,0.25623666955038443,0.683048
08/02/2026 18:03,0.2544983238288538,-1.837156
08/02/2026 17:03,0.2592613596518932,-1.091766
08/02/2026 16:03,0.2621231305566783,0.434432
08/02/2026 15:00,0.2609893085961075,0.283679
08/02/2026 14:04,0.26025103201950767,-0.806389
08/02/2026 13:01,0.2623667281723353,1.110155
08/02/2026 12:02,0.25948603182680524,-0.204436
08/02/2026 11:03,0.260017600242087,-0.825168
08/02/2026 10:04,0.26218103345019506,1.360661
08/02/2026 09:04,0.2586615268578825,-0.050770
08/02/2026 08:03,0.25879291726217185,-0.108002
08/02/2026 07:03,0.25907272172857976,-0.102645
08/02/2026 06:03,0.25933892046532975,-0.058845
08/02/2026 05:03,0.2594916181504315,-0.458457
08/02/2026 04:03,0.26068675429628685,-0.217480
08/02/2026 03:04,0.261254931202618,0.655946
08/02/2026 02:04,0.259552408373527,-1.251750
08/02/2026 01:03,0.26284253911003513,-0.386680
08/02/2026 00:02,0.263862842775416,-0.645577
07/02/2026 23:02,0.26557734827541374,0.210284
07/02/2026 22:03,0.26502005310273835,1.325048
07/02/2026 21:03,0.26155433244076576,-0.302385
07/02/2026 20:03,0.262347633606998,1.419653
07/02/2026 19:03,0.2586753408376998,0.440789
07/02/2026 18:03,0.25754013146916355,0.473788
07/02/2026 17:03,0.25632569007956413,1.331109
07/02/2026 16:03,0.25295853552755376,-0.690333
07/02/2026 15:03,0.2547169297042919,-0.089494
07/02/2026 14:00,0.25494508967634427,2.400988
07/02/2026 13:01,0.24896741152066676,0.157790
07/02/2026 12:02,0.24857518426146935,-0.239088
07/02/2026 11:03,0.24917092273759606,-0.539233
07/02/2026 10:03,0.25052181941804647,0.085048
07/02/2026 09:03,0.2503089358831783,-1.528661
07/02/2026 08:03,0.2541947121429544,-1.896803
07/02/2026 07:03,0.2591095079415326,0.729964
07/02/2026 06:03,0.25723180805406404,0.207884
07/02/2026 05:00,0.25669817359384367,1.189279
07/02/2026 04:03,0.25368119614152507,-0.725510
07/02/2026 03:01,0.255535129986963,-0.013464
07/02/2026 02:02,0.25556953915832914,-1.149414
07/02/2026 01:02,0.258541247327195,-0.825408
07/02/2026 00:02,0.2606930292790116,0.990368
06/02/2026 23:03,0.2581365285162476,-0.329384
06/02/2026 22:03,0.25898959941892613,0.123206
06/02/2026 21:01,0.25867090155330946,-0.659484
06/02/2026 20:03,0.2603881192942526,-2.293361
06/02/2026 19:01,0.26649992403479134,1.018369
06/02/2026 18:03,0.263813331260298,3.268765
06/02/2026 17:03,0.255462851192468,-1.212700
06/02/2026 16:03,0.2585988790258763,2.207101
06/02/2026 15:01,0.2530145910260231,2.706161
06/02/2026 14:03,0.24634801614024798,0.464961
06/02/2026 13:03,0.24520789562945086,1.933574
06/02/2026 12:02,0.24055655695618033,1.441179
06/02/2026 11:00,0.23713895974794444,2.349842
06/02/2026 10:00,0.23169450404447675,-0.217714
06/02/2026 09:03,0.23220003712984558,-0.688385
06/02/2026 08:02,0.23380954772625515,-2.056206
06/02/2026 07:03,0.2387180841853492,3.201943
06/02/2026 06:03,0.23131161835037586,0.982566
06/02/2026 05:02,0.22906094239607636,0.721759
06/02/2026 04:03,0.2274195215856654,-1.401614
06/02/2026 03:02,0.23065237774201433,2.141040
06/02/2026 02:02,0.22581753339628646,0.345336
06/02/2026 01:02,0.22504038814582536,-1.647618
06/02/2026 00:03,0.22881030866341281,1.472136
05/02/2026 23:03,0.22549077740994355,0.422814
05/02/2026 22:03,0.22454138493796505,-3.632080
05/02/2026 21:02,0.23300428709956864,-2.121982
05/02/2026 20:02,0.23805578693719934,-0.207182
05/02/2026 19:02,0.2385500185544587,-2.365101
05/02/2026 18:03,0.2443286385759807,0.666475
05/02/2026 17:03,0.242711030667758,-4.288924
05/02/2026 16:02,0.25358719296998955,1.148227
05/02/2026 15:01,0.25070849039889753,-0.560691
05/02/2026 14:02,0.2521221162823002,-0.130220
05/02/2026 13:03,0.25245085809062434,-0.904065
05/02/2026 12:01,0.2547539992938164,-2.141292
05/02/2026 11:03,0.2603283892164115,-0.654213
05/02/2026 10:01,0.2620427073941193,0.376988
05/02/2026 09:02,0.26105854680784574,0.232724
05/02/2026 08:01,0.260452411615823,-1.377007
05/02/2026 07:02,0.26408893440251574,0.188259
05/02/2026 06:03,0.2635926981081405,-0.205026
05/02/2026 05:02,0.2641342413473409,-0.723093
05/02/2026 04:03,0.26605808962073446,-1.079987
05/02/2026 03:01,0.2689628529723268,-0.509493
05/02/2026 02:01,0.2703402175531238,0.053428
05/02/2026 01:01,0.2701958564080576,0.840931
05/02/2026 00:01,0.2679426433625589,-0.477960
04/02/2026 23:01,0.2692294523165849,-1.398655
04/02/2026 22:01,0.27304845903484803,-1.143526
04/02/2026 21:02,0.2762069580005758,1.389599
04/02/2026 20:01,0.2724213919344738,2.055541
04/02/2026 19:01,0.2669344452376611,0.043965
04/02/2026 18:01,0.2668171395818777,-0.858932
04/02/2026 17:01,0.26912877224523735,-1.126943
04/02/2026 16:01,0.2721962681095644,-0.720339
04/02/2026 15:01,0.27417123154821466,-1.555427
04/02/2026 14:02,0.27850314548890115,-0.555554
04/02/2026 13:01,0.2800590247186057,-0.115560
04/02/2026 12:01,0.2803830363177816,-0.327697
04/02/2026 11:01,0.2813048630514753,-1.161385
04/02/2026 10:00,0.28461028494796636,-0.091556
04/02/2026 09:01,0.2848711017829446,-0.091304
04/02/2026 08:01,0.2851314371508886,0.838311
04/02/2026 07:00,0.2827610198826329,-0.201117
04/02/2026 06:00,0.2833308463623508,-0.316645
04/02/2026 05:01,0.2842308480180642,1.282562
04/02/2026 04:02,0.28063157536731853,-0.264970
04/02/2026 03:01,0.28137714042571343,0.831611
04/02/2026 02:01,0.2790564753293993,0.327860
04/02/2026 01:02,0.2781445505076023,-0.989474
04/02/2026 00:01,0.2809242234929869,-1.556984
03/02/2026 23:00,0.28536734757566945,-1.799838
03/02/2026 22:02,0.2905976344680687,3.150099
03/02/2026 21:02,0.2817230794967105,4.766983
03/02/2026 20:02,0.26890444880138165,-2.176390
03/02/2026 19:01,0.2748870624980163,-1.640556
03/02/2026 18:01,0.2794719554425911,-5.264536
03/02/2026 17:01,0.295002467141096,4.376000
03/02/2026 16:02,0.28263438621953085,-1.553879
03/02/2026 15:02,0.28709550371085596,1.141411
03/02/2026 14:02,0.28385554613789166,0.819996
03/02/2026 13:01,0.2815468733392733,0.474171
03/02/2026 12:02,0.28021816003943206,-0.260438
03/02/2026 11:02,0.28094985971127406,-0.782422
03/02/2026 10:03,0.28316540752800806,-0.077412
03/02/2026 09:01,0.28338478179309146,0.410958
03/02/2026 08:00,0.28222495612451975,0.228317
03/02/2026 07:05,0.281582057475055,-0.775279
03/02/2026 06:01,0.28378216122427224,1.093907
03/02/2026 05:00,0.28071143937532356,1.045162
03/02/2026 04:02,0.27780789557371693,-1.576972
03/02/2026 03:01,0.28225904292528387,-0.200116
03/02/2026 02:03,0.28282501993118186,-0.428188
03/02/2026 01:02,0.28404124931484487,-0.093607
03/02/2026 00:02,0.2843073822500057,0.258092
02/02/2026 23:02,0.283575497638809,0.524777
02/02/2026 22:02,0.28209512715350304,-0.657331
02/02/2026 21:01,0.2839616946942324,-0.370102
02/02/2026 20:02,0.28501654654968883,0.419377
02/02/2026 19:02,0.28382624527653466,-0.429178
02/02/2026 18:03,0.28504961492908776,-0.708822
02/02/2026 17:02,0.28708453333424805,0.908461
02/02/2026 16:02,0.284499962737022,0.193062
02/02/2026 15:02,0.2839517605644377,0.508620
02/02/2026 14:02,0.2825148346384915,1.196524
02/02/2026 13:03,0.2791744464857578,0.172596
02/02/2026 12:02,0.2786934316707639,-0.070633
02/02/2026 11:00,0.27889042171651185,1.362856
02/02/2026 10:02,0.2751406504166872,0.495499
02/02/2026 09:03,0.2737840534571493,0.204917
02/02/2026 08:03,0.2732241694737699,1.712900
02/02/2026 07:01,0.2686229285731629,-2.168555
02/02/2026 06:01,0.27457728768315,-0.316803
02/02/2026 05:02,0.2754499222277385,-0.369293
02/02/2026 04:01,0.27647091115411,-1.292741
02/02/2026 03:00,0.2800917724825874,0.401001
02/02/2026 02:02,0.27897308867933235,1.476857
02/02/2026 01:02,0.27491301740791985,-0.908929
02/02/2026 00:02,0.2774347008218371,0.686169
01/02/2026 23:01,0.27554400343370916,-0.764431
01/02/2026 22:00,0.2776665741216505,0.214186
01/02/2026 21:01,0.27707312148551333,-1.177429
01/02/2026 20:02,0.2803743312610145,1.213465
01/02/2026 19:02,0.2770128760119438,0.564525
01/02/2026 18:00,0.2754578478486704,-0.438505
01/02/2026 17:03,0.27667106426592275,-2.265790
01/02/2026 16:03,0.2830851811707693,-0.006806
01/02/2026 15:01,0.2831044479152935,-0.329587
01/02/2026 14:01,0.28404060985836754,-0.797144
01/02/2026 13:02,0.28632301692399276,0.447368
01/02/2026 12:03,0.2850478045885112,-1.842101
01/02/2026 11:01,0.2903972150625398,0.671083
01/02/2026 10:02,0.2884613993633547,-0.319318
01/02/2026 09:02,0.28938545788141723,0.254007
01/02/2026 08:01,0.2886522612120924,-0.099659
01/02/2026 07:02,0.2889402152130736,-0.364500
01/02/2026 06:00,0.2899972561225122,0.074051
01/02/2026 05:02,0.28978266867786506,0.408902
01/02/2026 04:03,0.2886025678293263,0.403787
01/02/2026 03:01,0.2874419140025824,-0.061419
01/02/2026 02:01,0.28761856749755055,0.140536
01/02/2026 01:01,0.28721492798352494,1.873982
01/02/2026 00:02,0.28193158136496704,0.822948
31/01/2026 23:01,0.2796303685061018,1.072167
31/01/2026 22:03,0.2766640667518175,-0.049666
31/01/2026 21:01,0.2768015442838561,1.865148
31/01/2026 20:00,0.27173331445311444,-0.988522
31/01/2026 19:02,0.2744462774907802,-3.770442
31/01/2026 18:01,0.28519956060739704,-1.220460
31/01/2026 17:02,0.2887233140886848,0.573244
31/01/2026 16:03,0.2870776578628668,-3.815664
31/01/2026 15:01,0.29846612351070156,-0.371408
31/01/2026 14:02,0.2995787820834062,-0.251967
31/01/2026 13:01,0.3003355285064199,-0.924070
31/01/2026 12:01,0.3031367234174862,0.416563
31/01/2026 11:02,0.3018792053425855,0.445403
31/01/2026 10:03,0.3005405888615884,-1.978145
31/01/2026 09:01,0.30660569307789154,-0.848371
31/01/2026 08:02,0.3092291028930801,-1.341339
31/01/2026 07:00,0.3134333074405683,0.982579
31/01/2026 06:01,0.3103835424873182,-0.039137
31/01/2026 05:02,0.31050506342795636,-0.031334
31/01/2026 04:01,0.31060238695507486,0.079047
31/01/2026 03:00,0.31035705943869646,0.060020
31/01/2026 02:01,0.3101708946870271,-0.330277
31/01/2026 01:02,0.31119871392899323,-0.253152
31/01/2026 00:02,0.3119885183732562,-0.046775
30/01/2026 23:01,0.312134520843141,0.218702
30/01/2026 22:00,0.31145336758205966,-1.863665
30/01/2026 21:01,0.3173680449627492,0.047825
30/01/2026 20:01,0.3172163372639077,1.422065
30/01/2026 19:00,0.3127685636319565,-0.093387
30/01/2026 18:01,0.3130609208176449,0.345589
30/01/2026 17:01,0.3119827436537154,0.481560
30/01/2026 16:02,0.31048755987163845,0.673368
30/01/2026 15:02,0.30841082056089303,-0.621048
30/01/2026 14:00,0.3103381695928489,-0.858163
30/01/2026 13:01,0.3130244280574388,1.525183
30/01/2026 12:00,0.30832195545283136,0.690398
30/01/2026 11:00,0.30620790371957435,-0.530437
30/01/2026 10:00,0.30784080413880077,-0.788537
30/01/2026 09:00,0.31028753549541765,1.727551
30/01/2026 08:00,0.3050181920971445,-1.857372
30/01/2026 07:02,0.3107907305764204,-0.078710
30/01/2026 06:01,0.3110355472553736,1.634439
30/01/2026 05:01,0.3060336150577806,-0.035913
30/01/2026 04:02,0.30614356121868397,-1.520959
30/01/2026 03:02,0.3108717930563621,-1.831448
30/01/2026 02:01,0.31667146743692215,0.583443
30/01/2026 01:01,0.3148345859718552,-0.286816
30/01/2026 00:01,0.3157401778563109,0.319751
29/01/2026 23:01,0.3147338144055997,0.613161
29/01/2026 22:02,0.3128157495932318,1.071820
29/01/2026 21:01,0.30949848326880924,-0.263232
29/01/2026 20:01,0.31031533130357275,-1.394600
29/01/2026 19:01,0.3147041960791397,-0.402787
29/01/2026 18:00,0.3159769088355459,0.340769
29/01/2026 17:01,0.3149038131839163,-3.188593
29/01/2026 16:01,0.3252755252036956,-1.678840
29/01/2026 15:02,0.33082962450632947,0.628100
29/01/2026 14:01,0.3287646535496489,0.058105
29/01/2026 13:01,0.32857373697985726,-0.615363
29/01/2026 12:01,0.3306081778060436,-0.197555
29/01/2026 11:01,0.33126260388996853,-0.066362
29/01/2026 10:02,0.33148258245733353,-0.815881
29/01/2026 09:00,0.334209332079214,-0.093734
29/01/2026 08:00,0.33452289281177844,0.516438
29/01/2026 07:01,0.33280416541651625,-0.341472
29/01/2026 06:00,0.33394449368826107,-0.255876
29/01/2026 05:00,0.3348011699719334,0.650407
29/01/2026 04:02,0.3326376718044084,-2.108616
29/01/2026 03:01,0.33980280734832086,-0.713565
29/01/2026 02:01,0.3422449475106015,-0.994101
29/01/2026 01:01,0.34568136774134917,-0.232389
29/01/2026 00:02,0.3464865633013632,0.936682
28/01/2026 23:02,0.3432712021439753,0.996504
28/01/2026 22:01,0.3398842409983797,-0.486045
28/01/2026 21:02,0.34154429852059137,0.742487
28/01/2026 20:01,0.3390270651551479,-0.713891
28/01/2026 19:01,0.3414647496481197,1.347956
28/01/2026 18:01,0.3369231736605043,-0.000554
28/01/2026 17:01,0.3369250393064587,-0.319912
28/01/2026 16:01,0.33800636124184746,-2.592447
28/01/2026 15:01,0.3470022094729424,1.165379
28/01/2026 14:01,0.34300490333166533,-1.109968
28/01/2026 13:01,0.34685488018555743,1.204887
28/01/2026 12:02,0.34272542586537613,0.332676
28/01/2026 11:01,0.34158904196191525,0.639623
28/01/2026 10:01,0.339418046938665,-0.190696
28/01/2026 09:02,0.3400665414504956,0.041972
28/01/2026 08:00,0.33992386720847445,0.329165
28/01/2026 07:02,0.33880862615357815,0.392016
28/01/2026 06:01,0.33748562715131775,-0.029518
28/01/2026 05:02,0.33758527445363684,-0.126232
28/01/2026 04:00,0.3380119537392695,-0.050526
28/01/2026 03:00,0.33818282527793264,-0.502029
28/01/2026 02:01,0.3398891680753216,-0.216742
28/01/2026 01:02,0.34062745012568413,0.422716
28/01/2026 00:00,0.33919362370041056,0.984702
27/01/2026 23:01,0.33588614773566383,-0.689983
27/01/2026 22:01,0.3382198064574411,2.115935
27/01/2026 21:01,0.33121158614873875,-0.083224
27/01/2026 20:01,0.3314874620010116,2.224337
27/01/2026 19:02,0.32427450483505005,-2.511683
27/01/2026 18:01,0.33262909466329443,1.155458
27/01/2026 17:01,0.3288296082806302,0.298376
27/01/2026 16:00,0.3278513777154935,-0.372721
27/01/2026 15:01,0.32907792142630343,-0.568003
27/01/2026 14:01,0.3309577701029618,-0.203762
27/01/2026 13:01,0.33163351288652093,0.106308
27/01/2026 12:02,0.33128133333025556,-0.048803
27/01/2026 11:02,0.3314430874539781,-0.617806
27/01/2026 10:01,0.3335034910306069,-0.155721
27/01/2026 09:00,0.3340236350783918,0.275017
27/01/2026 08:01,0.33310753151763756,-0.273943
27/01/2026 07:01,0.3340225616697628,-0.218507
27/01/2026 06:01,0.334754022329445,-0.189400
27/01/2026 05:01,0.33538925051738955,-0.091574
27/01/2026 04:00,0.3356966629165522,-0.010449
27/01/2026 03:00,0.3357317440013672,1.273582
27/01/2026 02:00,0.33150969724953133,-0.078571
27/01/2026 01:03,0.33177037219655836,-0.540951
27/01/2026 00:04,0.3335748477501713,-0.683871
26/01/2026 23:02,0.33587177830560017,1.185156
26/01/2026 22:01,0.3319377984916537,-0.689439
26/01/2026 21:03,0.3342421959997556,-0.791863
26/01/2026 20:02,0.33691006257760925,0.956609
26/01/2026 19:00,0.33371768861603124,-1.060171
26/01/2026 18:02,0.3372935758250465,1.493644
26/01/2026 17:01,0.33232975325521424,-0.025835
26/01/2026 16:01,0.3324156316184492,0.632255
26/01/2026 15:01,0.33032712065306447,0.162263
26/01/2026 14:02,0.32979198866754333,0.133745
26/01/2026 13:01,0.3293514974407814,-0.095636
26/01/2026 12:04,0.3296667764796306,0.777026
26/01/2026 11:03,0.32712493145436405,-0.986308
26/01/2026 10:03,0.3303835318964041,-0.060013
26/01/2026 09:03,0.3305819233138451,0.309873
26/01/2026 08:03,0.32956070458965414,0.301690
26/01/2026 07:03,0.328569445006262,0.268989
26/01/2026 06:03,0.32768800174312934,0.637080
26/01/2026 05:03,0.3256135840699826,-0.869763
26/01/2026 04:04,0.3284704984824819,-0.308408
26/01/2026 03:03,0.3294866610292731,1.659613
26/01/2026 02:02,0.324107727862016,0.513593
26/01/2026 01:01,0.3224516390067599,0.567134
26/01/2026 00:02,0.3206332185083391,-0.671535
25/01/2026 23:02,0.3228009383740444,0.603610
25/01/2026 22:03,0.32086417137902756,0.486208
25/01/2026 21:03,0.31931165179379695,-1.883479
25/01/2026 20:01,0.32544127123586225,-0.729727
25/01/2026 19:02,0.32783356198709773,-0.221897
25/01/2026 18:02,0.3285626326669035,-1.697075
25/01/2026 17:00,0.3342348488267283,-0.334673
25/01/2026 16:02,0.3353571971936543,-0.942945
25/01/2026 15:02,0.33854953257484194,0.106237
25/01/2026 14:01,0.3381902491780254,-0.261142
25/01/2026 13:02,0.3390757189467443,0.077616
25/01/2026 12:02,0.3388127454378627,0.407211
25/01/2026 11:01,0.33743865890965485,0.757460
25/01/2026 10:01,0.33490190942803294,-0.314951
25/01/2026 09:02,0.335960020299183,-0.109317
25/01/2026 08:03,0.3363276833645389,-0.306124
25/01/2026 07:03,0.3373604239109177,-0.050018
25/01/2026 06:03,0.3375292490765583,-0.175811
25/01/2026 05:04,0.33812370925807056,-0.172066
25/01/2026 04:00,0.338706507037459,0.271896
25/01/2026 03:03,0.337788073109245,-0.717829
25/01/2026 02:01,0.34023034512729033,-0.881275
25/01/2026 01:01,0.34325536773282367,-0.316065
25/01/2026 00:02,0.3443437170916183,0.291259
24/01/2026 23:00,0.3433436985264445,-0.138320
24/01/2026 22:03,0.3438192679024397,0.281107
24/01/2026 21:02,0.342855478514445,-0.210991
24/01/2026 20:03,0.3435804025914886,-0.550198
24/01/2026 19:02,0.34548123417683535,0.123334
24/01/2026 18:02,0.3450556644983668,0.411003
24/01/2026 17:01,0.34364327880448625,-0.087276
24/01/2026 16:04,0.3439434591273553,0.315238
24/01/2026 15:03,0.3428626251680814,-0.291298
24/01/2026 14:02,0.34386429447848776,-0.037043
24/01/2026 13:03,0.34399171914213056,-0.072770
24/01/2026 12:02,0.34424222356978973,0.328200
24/01/2026 11:01,0.34311611741714176,-0.957315
24/01/2026 10:02,0.3464325679194349,0.386272
24/01/2026 09:01,0.3450995455698535,-0.046656
24/01/2026 08:01,0.3452606314724347,-0.012999
24/01/2026 07:00,0.3453055162242906,-0.152832
24/01/2026 06:01,0.3458340618516286,-0.361513
24/01/2026 05:00,0.3470888333108448,0.592398
24/01/2026 04:01,0.3450447939978152,0.407790
24/01/2026 03:02,0.3436434495259972,-0.351061
24/01/2026 02:01,0.34485409881733536,-0.454524
24/01/2026 01:01,0.34642869897094564,-0.237860
24/01/2026 00:01,0.34725467946192073,0.215886
23/01/2026 23:01,0.3465066202915884,0.323214
23/01/2026 22:01,0.34539026934850325,-1.194410
23/01/2026 21:01,0.3495655163825685,-1.639351
23/01/2026 20:02,0.35539163168202015,-0.524552
23/01/2026 19:01,0.35726567419886834,-0.194724
23/01/2026 18:00,0.35796271470004143,0.554455
23/01/2026 17:02,0.35598891543697436,2.450447
23/01/2026 16:01,0.3474742425118613,-2.106091
23/01/2026 15:01,0.3549498087846516,0.454050
23/01/2026 14:03,0.3533454439424343,0.811914
23/01/2026 13:01,0.3504996868972249,-0.118775
23/01/2026 12:02,0.35091648778391743,0.656192
23/01/2026 11:01,0.34862881511919974,0.027922
23/01/2026 10:02,0.3485314968002666,-1.130934
23/01/2026 09:01,0.35251824508644486,1.308271
23/01/2026 08:04,0.34796590633331587,-0.827036
23/01/2026 07:00,0.3508677069737628,-0.539027
23/01/2026 06:03,0.35276922930397214,2.094241
23/01/2026 05:02,0.345532937657036,0.846053
23/01/2026 04:02,0.34263407050181477,-0.786130
23/01/2026 03:00,0.34534896115854713,0.776486
23/01/2026 02:02,0.3426880351655807,0.423714
23/01/2026 01:01,0.3412421443810678,-0.256538
23/01/2026 00:00,0.3421198116785544,0.324781
22/01/2026 23:01,0.34101226914494553,0.667466
22/01/2026 22:02,0.33875121859749646,-0.714452
22/01/2026 21:01,0.3411888483426635,-0.338132
22/01/2026 20:00,0.3423464315763041,-0.170615
22/01/2026 19:01,0.34293152502533025,0.441440
22/01/2026 18:01,0.3414243429685282,0.968580
22/01/2026 17:01,0.3381490984994242,-0.076138
22/01/2026 16:01,0.33840675347635046,-0.884310
22/01/2026 15:01,0.34142601682828244,-0.171703
22/01/2026 14:00,0.3420132635752431,-0.216169
22/01/2026 13:01,0.34275419017689907,-0.379181
22/01/2026 12:01,0.3440587973462407,-0.172566
22/01/2026 11:01,0.34465355265808456,0.360019
22/01/2026 10:03,0.3434171853175972,0.276410
22/01/2026 09:02,0.3424705628593017,-0.076345
22/01/2026 08:01,0.3427322215121815,-0.100868
22/01/2026 07:01,0.34307827827932325,-0.276854
22/01/2026 06:00,0.3440307405096043,0.659558
22/01/2026 05:01,0.3417765276143547,-0.887947
22/01/2026 04:01,0.34483851168571605,0.246854
22/01/2026 03:01,0.3439893598637702,-0.178761
22/01/2026 02:02,0.34460538019745696,1.294303
22/01/2026 01:00,0.340202133496165,-1.122167
22/01/2026 00:01,0.3440630957719987,-0.232385
21/01/2026 23:02,0.3448645081975727,-0.181560
21/01/2026 22:01,0.345491784141268,-0.647340
21/01/2026 21:03,0.34774286227099194,4.911571
21/01/2026 20:01,0.3314628285016405,1.031737
21/01/2026 19:01,0.3280779285587329,-0.643573
21/01/2026 18:03,0.33020302665314427,-2.870213
21/01/2026 17:01,0.3399606217655932,0.669759
21/01/2026 16:00,0.3376988540113555,3.209601
21/01/2026 15:03,0.3271971304970873,-0.342839
21/01/2026 14:00,0.32832274877854833,-1.187968
21/01/2026 13:02,0.33227001016766805,-0.343629
21/01/2026 12:01,0.3334157219312659,-0.320381
21/01/2026 11:01,0.3344873564290654,0.084834
21/01/2026 10:01,0.3342038383887209,-0.239110
21/01/2026 09:01,0.3350048675996427,-0.841112
21/01/2026 08:01,0.3378465347799319,-0.533529
21/01/2026 07:01,0.33965871303057976,0.651279
21/01/2026 06:01,0.33746090193696415,0.365484
21/01/2026 05:02,0.3362320264601856,-0.091415
21/01/2026 04:03,0.33653967370136073,0.478037
21/01/2026 03:01,0.33493854365755543,-0.107141
21/01/2026 02:03,0.33529778531919746,2.004368
21/01/2026 01:00,0.3287092409880283,-0.549320
21/01/2026 00:01,0.33052488025578775,-0.721212
20/01/2026 23:01,0.3329259834131098,-0.812128
20/01/2026 22:01,0.3356519058610203,0.602608
20/01/2026 21:01,0.33364135740664236,0.666717
20/01/2026 20:01,0.33143164508560646,-0.456820
20/01/2026 19:01,0.3329526406821914,-0.357917
20/01/2026 18:01,0.3341486152413945,-0.858069
20/01/2026 17:02,0.3370406569109892,-0.612138
20/01/2026 16:00,0.33911651823040245,0.742452
20/01/2026 15:01,0.33661729794321915,-1.690782
20/01/2026 14:01,0.3424066477558918,0.812351
20/01/2026 13:00,0.3396475189806861,0.080466
20/01/2026 12:01,0.3393744386206829,0.406487
20/01/2026 11:00,0.33800050985433944,-0.081286
20/01/2026 10:01,0.3382754817564603,-0.951430
20/01/2026 09:02,0.3415248517447883,-0.272646
20/01/2026 08:02,0.3424585519732226,-1.247755
20/01/2026 07:01,0.34678558633445167,-0.044056
20/01/2026 06:01,0.34693843381873823,-0.218294
20/01/2026 05:01,0.34769743554583155,-0.138746
20/01/2026 04:01,0.34818052319333836,-0.264619
20/01/2026 03:01,0.3491043194614084,0.488457
20/01/2026 02:01,0.34740738333954824,-0.302621
20/01/2026 01:02,0.3484619026608126,0.805249
20/01/2026 00:01,0.3456783322621366,-0.752795
19/01/2026 23:01,0.34830031948525053,-0.347499
19/01/2026 22:02,0.34951487957171273,-0.152984
19/01/2026 21:02,0.3500504001025455,0.466467
19/01/2026 20:04,0.3484251113032722,1.313088
19/01/2026 19:01,0.343909279663436,0.367825
19/01/2026 18:01,0.3426489301928229,1.045792
19/01/2026 17:03,0.33910262325717305,0.366956
19/01/2026 16:01,0.33786281667996837,-0.134135
19/01/2026 15:00,0.33831661696751975,0.134468
19/01/2026 14:02,0.3378622989407687,0.186491
19/01/2026 13:02,0.33723338934174163,0.199974
19/01/2026 12:02,0.3365603569099391,-0.641487
19/01/2026 11:03,0.338733285939789,-0.671704
19/01/2026 10:02,0.3410239562839191,1.121953
19/01/2026 09:00,0.3372402798189699,-0.293846
19/01/2026 08:00,0.3382341661052548,0.033584
19/01/2026 07:01,0.3381206112920906,-0.564420
19/01/2026 06:01,0.34003986297403954,-0.660044
19/01/2026 05:01,0.3422991892626876,0.334628
19/01/2026 04:01,0.34115757954863957,0.147061
19/01/2026 03:03,0.3406566076143764,0.327273
19/01/2026 02:02,0.33954536773327304,-4.499010
19/01/2026 01:01,0.3555412037796737,-3.474896
19/01/2026 00:01,0.3683406583375708,0.021273
18/01/2026 23:01,0.3682623165283538,-0.218107
18/01/2026 22:02,0.3690672792583511,0.933719
18/01/2026 21:01,0.365653105581459,-1.377437
18/01/2026 20:01,0.37076009340585037,0.412876
18/01/2026 19:02,0.3692356094725764,-0.165026
18/01/2026 18:02,0.3698459517730947,-0.503427
18/01/2026 17:01,0.3717172753086717,0.139465
18/01/2026 16:03,0.37119958090562905,-0.806600
18/01/2026 15:01,0.3742180244346697,-0.328906
18/01/2026 14:01,0.375452909842624,-0.988896
18/01/2026 13:03,0.37920283267581967,-0.675701
18/01/2026 12:03,0.38178254281594914,-0.120661
18/01/2026 11:02,0.38224376047571157,-0.560213
18/01/2026 10:02,0.3843972038191722,-0.253398
18/01/2026 09:03,0.3853737318897926,-0.090075
18/01/2026 08:02,0.38572116908449666,-0.101548
18/01/2026 07:04,0.3861132584794853,-0.087997
18/01/2026 06:03,0.38645332396327936,0.467276
18/01/2026 05:03,0.38465592090974443,-0.036465
18/01/2026 04:03,0.3847962374234808,-0.135597
18/01/2026 03:03,0.38531871963519465,-0.330669
18/01/2026 02:02,0.3865970744140011,0.382711
18/01/2026 01:03,0.3851231663177755,0.030537
18/01/2026 00:01,0.3850055989733332,-0.601924
17/01/2026 23:00,0.3873370733493628,-0.411341
17/01/2026 22:01,0.38893693089841425,-0.540328
17/01/2026 21:03,0.39104988452824774,0.248964
17/01/2026 20:00,0.39007873059884995,0.168005
17/01/2026 19:04,0.38942447767827043,-0.230496
17/01/2026 18:03,0.39032415929019526,-1.106603
17/01/2026 17:02,0.3946918300339568,-0.516899
17/01/2026 16:02,0.3967425881210805,1.460189
17/01/2026 15:03,0.39103277154925287,0.666366
17/01/2026 14:03,0.3884443097886218,0.818825
17/01/2026 13:04,0.3852894616196186,0.070692
17/01/2026 12:03,0.3850172871095118,-0.914616
17/01/2026 11:01,0.3885712225002473,-0.490107
17/01/2026 10:01,0.390485018693804,0.400725
17/01/2026 09:03,0.38892649156395215,0.839453
17/01/2026 08:03,0.3856888163362162,-0.538183
17/01/2026 07:01,0.3877757593696208,0.111192
17/01/2026 06:00,0.3873450607884661,0.492858
17/01/2026 05:03,0.38544536289112713,0.307596
17/01/2026 04:00,0.3842633846947405,-0.558557
17/01/2026 03:01,0.38642177113238474,0.585740
17/01/2026 02:03,0.3841715259016158,0.143153
17/01/2026 01:02,0.38362235909222964,-0.435518
17/01/2026 00:02,0.38530041336506266,0.099005
16/01/2026 23:02,0.3849193223047944,0.413839
16/01/2026 22:01,0.38333294111082455,1.945441
16/01/2026 21:03,0.3760177378836206,-0.149321
16/01/2026 20:02,0.37658005124075206,0.073988
16/01/2026 19:03,0.376301631355135,0.297924
16/01/2026 18:00,0.3751838676622138,0.717976
16/01/2026 17:04,0.3725093394670068,-1.780757
16/01/2026 16:03,0.3792630950721304,0.068688
16/01/2026 15:03,0.3790027647138783,0.125155
16/01/2026 14:01,0.37852901674742173,-0.129579
16/01/2026 13:02,0.3790201475576531,-0.075130
16/01/2026 12:01,0.37930512100281893,-0.339526
16/01/2026 11:01,0.38059734843008325,-0.045090
16/01/2026 10:01,0.38076903768767667,0.355858
16/01/2026 09:01,0.3794188465597766,0.121940
16/01/2026 08:00,0.3789567478381517,-0.204995
16/01/2026 07:02,0.37973518440845977,0.667535
16/01/2026 06:02,0.37721712986848455,-0.403409
16/01/2026 05:01,0.3787450216600123,-0.716460
16/01/2026 04:01,0.3814781586324936,0.425918
16/01/2026 03:00,0.3798602640577773,-0.499432
16/01/2026 02:01,0.3817669314248105,0.416718
16/01/2026 01:01,0.3801826413380614,0.240359
16/01/2026 00:03,0.3792710280453809,0.178292
15/01/2026 23:01,0.3785960198675708,0.510397
15/01/2026 22:01,0.3766734906789095,-0.560748
15/01/2026 21:02,0.3787975895325602,0.426758
15/01/2026 20:03,0.3771879107230608,-1.179953
15/01/2026 19:02,0.38169169385481827,-0.821562
15/01/2026 18:01,0.38485350324097595,0.257421
15/01/2026 17:01,0.3838653542094132,-1.295540
15/01/2026 16:01,0.38890375848864134,-1.318801
15/01/2026 15:01,0.39410117038730097,0.220957
15/01/2026 14:04,0.39323229630969253,0.587801
15/01/2026 13:02,0.3909343810941646,-0.486654
15/01/2026 12:02,0.3928461817058186,-0.236971
15/01/2026 11:03,0.3937793247030326,0.652520
15/01/2026 10:01,0.3912264951128541,0.134003
15/01/2026 09:01,0.39070294030625813,0.701153
15/01/2026 08:00,0.3879825868632823,-0.528664
15/01/2026 07:00,0.39004461199263424,0.826911
15/01/2026 06:02,0.3868457436170566,0.661838
15/01/2026 05:01,0.3843022846985679,-1.649193
15/01/2026 04:03,0.3907464471414195,-0.880288
15/01/2026 03:03,0.3942166900015411,-0.595635
15/01/2026 02:02,0.3965788537399115,-1.111218
15/01/2026 01:04,0.4010352274464451,0.037701
15/01/2026 00:02,0.40088409039789685,-0.202069
14/01/2026 23:00,0.40169579433287167,-0.053523
14/01/2026 22:03,0.4019109088398486,-0.403753
14/01/2026 21:03,0.40354021342026264,0.251160
14/01/2026 20:01,0.40252922141868447,-1.049321
14/01/2026 19:01,0.40679783572553607,-1.930306
14/01/2026 18:00,0.41480483795303036,0.458793
14/01/2026 17:01,0.41291043262868754,0.410225
14/01/2026 16:03,0.411223490716565,2.021727
14/01/2026 15:00,0.4030744246223578,-0.877880
14/01/2026 14:02,0.406644272166376,0.271353
14/01/2026 13:01,0.40554381627032093,-1.408472
14/01/2026 12:01,0.4113373896681763,-0.699232
14/01/2026 11:01,0.41423384352412385,0.423112
14/01/2026 10:01,0.4124885546850594,-0.378528
14/01/2026 09:01,0.4140558707570426,-0.126259
14/01/2026 08:01,0.4145793161678896,0.186246
14/01/2026 07:03,0.4138086129420265,-0.346254
14/01/2026 06:03,0.4152464191506147,-0.850687
14/01/2026 05:02,0.41880917292179215,0.275824
14/01/2026 04:02,0.4176571742915941,0.131577
14/01/2026 03:01,0.4171083558866641,-0.146414
14/01/2026 02:01,0.4177199550334104,0.707936
14/01/2026 01:02,0.41478355242548615,-0.929773
14/01/2026 00:01,0.4186762899113504,3.218161
13/01/2026 23:01,0.40562269786494226,0.011555
13/01/2026 22:02,0.40557583452981616,-0.211747
13/01/2026 21:01,0.4064364531493892,-0.053704
13/01/2026 20:01,0.4066548416096491,0.294464
13/01/2026 19:01,0.4054609047650718,-0.763657
13/01/2026 18:01,0.4085810607800543,0.374929
13/01/2026 17:00,0.4070548948375354,1.074582
13/01/2026 16:01,0.40272726180596835,0.182843
13/01/2026 15:01,0.4019922456461076,0.349105
13/01/2026 14:02,0.4005937548151884,0.547476
13/01/2026 13:02,0.39841254263478565,0.165341
13/01/2026 12:01,0.3977548913677764,0.422256
13/01/2026 11:02,0.3960824098791098,0.526034
13/01/2026 10:02,0.3940097859456879,0.943107
13/01/2026 09:01,0.39032856904654234,-0.494554
13/01/2026 08:03,0.39226854731906957,0.055631
13/01/2026 07:01,0.3920504453733283,0.221460
13/01/2026 06:01,0.391184130096905,0.398286
13/01/2026 05:01,0.3896322793379535,0.203612
13/01/2026 04:00,0.38884055331398437,0.552553
13/01/2026 03:01,0.3867038112375613,-0.225086
13/01/2026 02:01,0.3875761909414434,0.249078
13/01/2026 01:01,0.38661322143140137,-0.372950
13/01/2026 00:01,0.3880604916536027,0.110874
12/01/2026 23:03,0.38763071174794644,-0.787566
12/01/2026 22:01,0.3907077923412093,-0.783946
12/01/2026 21:03,0.3937949307925312,0.196700
12/01/2026 20:01,0.39302185493772157,0.155931
12/01/2026 19:04,0.3924099660957647,-1.128929
12/01/2026 18:04,0.39689057849468523,0.457181
12/01/2026 17:01,0.3950843287318207,0.785701
12/01/2026 16:01,0.39200434528804734,0.887215
12/01/2026 15:02,0.38855700798696097,-0.837059
12/01/2026 14:01,0.39183691314242824,-0.285911
12/01/2026 13:00,0.3929604297148802,0.463131
12/01/2026 12:02,0.39114889890439747,-0.358381
12/01/2026 11:00,0.3925557458419389,0.108180
12/01/2026 10:01,0.39213153969843845,-0.888501
12/01/2026 09:01,0.3956468677063102,-1.002226
12/01/2026 08:01,0.3996522875988192,-0.575019
12/01/2026 07:01,0.40196365496854725,-0.672287
12/01/2026 06:01,0.40468429397734595,0.626211
12/01/2026 05:01,0.40216588833638245,-0.961152
12/01/2026 04:01,0.4060688252459619,1.574809
12/01/2026 03:02,0.39977316251729356,0.426094
12/01/2026 02:03,0.39807697973762135,0.105393
12/01/2026 01:02,0.39765787727354446,0.483595
12/01/2026 00:01,0.39574407943123036,-0.576252
11/01/2026 23:02,0.39803778164825465,0.495177
11/01/2026 22:01,0.3960765006260856,-0.761299
11/01/2026 21:02,0.3991149602274324,-0.365177
11/01/2026 20:01,0.40057777850894893,-0.127236
11/01/2026 19:01,0.40108810826283686,-0.222502
11/01/2026 18:01,0.4019825287428061,0.634605
11/01/2026 17:02,0.39944761409994295,-0.933005
11/01/2026 16:01,0.40320957965410636,0.501157
11/01/2026 15:01,0.40119894306206283,-0.548221
11/01/2026 14:03,0.4034105228936589,0.618320
11/01/2026 13:01,0.40093148296266284,-0.120832
11/01/2026 12:01,0.4014165241049125,-0.195158
11/01/2026 11:01,0.40220145220527753,0.024964
11/01/2026 10:00,0.4021010730493318,0.070083
11/01/2026 09:01,0.4018194642300578,-0.336082
11/01/2026 08:00,0.4031744630284774,0.195513
11/01/2026 07:02,0.40238774252068976,0.364215
11/01/2026 06:01,0.40092750346273875,0.214334
11/01/2026 05:01,0.40007001734581754,-0.019237
11/01/2026 04:03,0.40014699507732443,-0.069850
11/01/2026 03:01,0.4004266939398997,-0.159191
11/01/2026 02:02,0.40106515521123953,0.384718
11/01/2026 01:02,0.3995280997140504,0.485116
11/01/2026 00:00,0.3975992815846628,-0.243788
10/01/2026 23:01,0.398570947865992,-0.260374
10/01/2026 22:02,0.399611430264873,-0.419645
10/01/2026 21:03,0.4012954471316387,0.172697
10/01/2026 20:01,0.4006036175704295,0.288823
10/01/2026 19:02,0.3994499160552307,-0.066086
10/01/2026 18:01,0.39971407077717513,-0.192278
10/01/2026 17:02,0.40048411509204285,-0.189791
10/01/2026 16:00,0.40124564342590635,-0.591297
10/01/2026 15:01,0.40363230853263704,-0.807511
10/01/2026 14:02,0.40691821663609257,0.549930
10/01/2026 13:01,0.404692689007223,0.034124
10/01/2026 12:01,0.40455464019087223,0.196516
10/01/2026 11:03,0.40376118380017434,0.454340
10/01/2026 10:01,0.40193503404761854,0.076540
10/01/2026 09:01,0.4016276300827328,0.464655
10/01/2026 08:02,0.39977007924155894,0.093627
10/01/2026 07:02,0.399396134971871,0.008296
10/01/2026 06:03,0.39936300343429415,-0.379878
10/01/2026 05:00,0.40088588027419686,0.254513
10/01/2026 04:00,0.3998681643428037,0.012018
10/01/2026 03:01,0.3998201153351512,0.024742
10/01/2026 02:01,0.39972121557560253,-0.608245
10/01/2026 01:00,0.40216738008037384,-0.157803
10/01/2026 00:01,0.4028030156313527,0.472511
09/01/2026 23:01,0.4009086781006316,0.285063
09/01/2026 22:02,0.39976908630486163,-0.101058
09/01/2026 21:03,0.40017349227740295,-0.537074
09/01/2026 20:02,0.402334324769872,-1.301733
09/01/2026 19:03,0.40764071779661715,-0.749331
09/01/2026 18:03,0.4107183564948004,0.814120
09/01/2026 17:01,0.40740161846970396,1.692759
09/01/2026 16:02,0.4006200874189045,-0.733509
09/01/2026 15:01,0.4035803875965261,1.069066
09/01/2026 14:02,0.3993114829875809,-0.842586
09/01/2026 13:02,0.4027046171682619,0.119513
09/01/2026 12:02,0.4022239088690404,0.048410
09/01/2026 11:02,0.4020292849646516,0.435439
09/01/2026 10:02,0.40028628251308984,-1.026037
09/01/2026 09:03,0.4044359434711888,-0.389587
09/01/2026 08:03,0.4060177355080487,0.289272
09/01/2026 07:03,0.40484662625319945,0.067540
09/01/2026 06:00,0.40457337840678004,-0.450245
09/01/2026 05:00,0.40640318757282223,0.413765
09/01/2026 04:03,0.4047285611148591,0.199925
09/01/2026 03:02,0.4039210227518497,-0.779793
09/01/2026 02:01,0.4070955254436848,-0.004318
09/01/2026 01:01,0.40711310557485003,-0.152855
09/01/2026 00:01,0.40773635098785643,-0.329374
08/01/2026 23:00,0.40908376859164697,0.647814
08/01/2026 22:01,0.4064507239349589,-0.142004
08/01/2026 21:02,0.4070287206401524,-0.594323
08/01/2026 20:02,0.4094622481318695,-0.751662
08/01/2026 19:02,0.4125633289106085,0.466620
08/01/2026 18:02,0.41064716818243413,-0.494430
08/01/2026 17:02,0.4126876177931467,1.965190
08/01/2026 16:01,0.40473382951151604,0.310725
08/01/2026 15:01,0.40348011667366623,0.094120
08/01/2026 14:02,0.40310071888499066,-0.590503
08/01/2026 13:01,0.40549517900808724,-1.044828
08/01/2026 12:03,0.4097766416682157,0.290095
08/01/2026 11:01,0.4085913406592521,-0.605103
08/01/2026 10:00,0.4110787891624917,-0.740743
08/01/2026 09:00,0.41414654889672253,0.736884
08/01/2026 08:02,0.4111170925478629,-1.400492
08/01/2026 07:02,0.4169565366716095,-0.419485
08/01/2026 06:01,0.4187129757503736,0.131584
08/01/2026 05:01,0.4181627404954302,-0.673413
08/01/2026 04:01,0.42099779445492275,-0.809123
08/01/2026 03:02,0.4244319730981492,-0.004148
08/01/2026 02:01,0.4244495774097695,0.597234
08/01/2026 01:02,0.4219296717825659,0.300628
08/01/2026 00:01,0.4206650362242001,-0.139947
07/01/2026 23:01,0.42125456962108515,-0.024018
07/01/2026 22:02,0.42135577204337066,-0.392722
07/01/2026 21:00,0.42301705456403366,-0.197445
07/01/2026 20:00,0.42385393337833654,-0.366140
07/01/2026 19:01,0.42541153495553313,-0.172455
07/01/2026 18:01,0.4261464479418057,0.094861
07/01/2026 17:01,0.4257425835149838,-1.557316
07/01/2026 16:00,0.4324776264010068,-0.372679
07/01/2026 15:02,0.43409540824688786,-0.725686
07/01/2026 14:04,0.4372686060992589,-0.541404
07/01/2026 13:02,0.43964888267931707,-0.195091
07/01/2026 12:01,0.44050827534166775,0.504363
07/01/2026 11:02,0.438297663548909,-2.503383
07/01/2026 10:06,0.44955166250149853,0.294827
07/01/2026 09:06,0.44823015922633624,1.261455
07/01/2026 08:03,0.442646374967949,0.005062
07/01/2026 07:02,0.442623967627077,0.020714
07/01/2026 06:02,0.44253230010541655,-0.403405
07/01/2026 05:01,0.4443247273718038,-0.444736
07/01/2026 04:04,0.4463096287525489,0.946122
07/01/2026 03:02,0.4421265720837915,-1.396761
07/01/2026 02:01,0.44838950196082594,-2.078908
07/01/2026 01:00,0.45790900671261064,1.099420
07/01/2026 00:02,0.4529294102473882,-0.645209
06/01/2026 23:01,0.4558707280852003,1.771392
06/01/2026 22:01,0.4479360266911183,1.571982
06/01/2026 21:01,0.44100353139833703,-0.261887
06/01/2026 20:02,0.4421614954767502,1.350098
06/01/2026 19:03,0.43627140502313844,-2.592286
06/01/2026 18:00,0.44788178373765947,-1.958174
06/01/2026 17:02,0.45682725701951304,-1.050656
06/01/2026 16:01,0.4616779053563994,0.310350
06/01/2026 15:01,0.460249522582081,-0.117762
06/01/2026 14:04,0.4607921614149985,0.974539
06/01/2026 13:03,0.4563449003912493,1.088828
06/01/2026 12:03,0.4514296062967134,0.376519
06/01/2026 11:01,0.44973626336134104,0.489370
06/01/2026 10:00,0.4475461072452166,0.041267
06/01/2026 09:02,0.44736149328846403,-1.774594
06/01/2026 08:02,0.4554437697024956,0.040510
06/01/2026 07:02,0.4552593424483017,-0.753759
06/01/2026 06:02,0.4587169617224645,0.114118
06/01/2026 05:00,0.45819407818410596,0.765257
06/01/2026 04:01,0.45471434329944976,-0.230815
06/01/2026 03:01,0.45576632204350886,0.160356
06/01/2026 02:00,0.45503664175647257,-0.079911
06/01/2026 01:02,0.4554005581210061,-0.818156
06/01/2026 00:02,0.4591571813147322,0.529611
05/01/2026 23:01,0.45673824553866194,0.300052
05/01/2026 22:03,0.4553718915963578,0.899071
05/01/2026 21:01,0.45131425422329885,-0.409695
05/01/2026 20:01,0.45317087117257493,1.223146
05/01/2026 19:02,0.4476949093721167,1.106440
05/01/2026 18:03,0.44279564311450104,-0.066124
05/01/2026 17:01,0.4430886316907902,0.760175
05/01/2026 16:03,0.43974579253484125,1.482022
05/01/2026 15:00,0.43332383681348036,-0.735844
05/01/2026 14:01,0.4365360616883366,-0.006359
05/01/2026 13:01,0.4365638208977184,-0.003332
05/01/2026 12:00,0.4365783667669675,-0.135425
05/01/2026 11:01,0.4371704051140511,-0.100770
05/01/2026 10:02,0.43761138728011095,-0.480825
05/01/2026 09:01,0.4397256971842566,0.931717
05/01/2026 08:03,0.4356665196155111,-0.128879
05/01/2026 07:01,0.4362287288503879,-0.296084
05/01/2026 06:01,0.4375241668666228,-1.596783
05/01/2026 05:02,0.4446238439260783,-0.065272
05/01/2026 04:01,0.4449142492238592,-0.726986
05/01/2026 03:01,0.448172400932388,1.543943
05/01/2026 02:01,0.4413580824763132,0.593679
05/01/2026 01:01,0.4387532977516708,0.296862
05/01/2026 00:01,0.4374546609211071,0.099343
04/01/2026 23:01,0.43702051149967924,-0.163007
04/01/2026 22:01,0.4377340467369075,0.456096
04/01/2026 21:02,0.4357466256840348,-0.555276
04/01/2026 20:01,0.43817973091587115,-1.219746
04/01/2026 19:02,0.4435904074263498,-0.036346
04/01/2026 18:01,0.44375169393385105,0.507345
04/01/2026 17:01,0.44151170643308124,0.141442
04/01/2026 16:01,0.4408881064697273,0.231194
04/01/2026 15:01,0.4398711525556915,0.330738
04/01/2026 14:01,0.43842112788273246,0.274270
04/01/2026 13:01,0.4372219605437061,-0.110935
04/01/2026 12:00,0.4377075309071534,-0.017182
04/01/2026 11:01,0.4377827498647828,0.520977
04/01/2026 10:01,0.43551382360005353,0.080096
04/01/2026 09:01,0.4351652755705031,0.214242
04/01/2026 08:01,0.43423496296163977,-0.561946
04/01/2026 07:01,0.43668891895592804,0.254068
04/01/2026 06:01,0.4355822454964694,0.180121
04/01/2026 05:00,0.43479908136942025,0.916771
04/01/2026 04:01,0.4308491817376118,0.036781
04/01/2026 03:00,0.43069077121583693,-0.082562
04/01/2026 02:01,0.4310466535967104,0.745910
04/01/2026 01:02,0.4278552403326902,0.408376
04/01/2026 00:00,0.42611508859904185,0.717105
03/01/2026 23:01,0.42308115044082445,-0.017163
03/01/2026 22:02,0.4231537776661114,-0.173196
03/01/2026 21:00,0.4238879356126673,0.126793
03/01/2026 20:00,0.4233511576102458,0.018373
03/01/2026 19:01,0.4232733886516384,0.172037
03/01/2026 18:00,0.4225464510058723,0.929115
03/01/2026 17:00,0.4186566494301662,-0.272536
03/01/2026 16:01,0.41980075804175954,-0.451014
03/01/2026 15:01,0.421702694613096,1.021674
03/01/2026 14:01,0.41743784058613914,0.380847
03/01/2026 13:01,0.4158540714743773,-0.172757
03/01/2026 12:01,0.41657373297731004,-0.119569
03/01/2026 11:01,0.4170724230976319,0.405577
03/01/2026 10:00,0.4153877050440552,0.600026
03/01/2026 09:01,0.41291013578879093,-1.623648
03/01/2026 08:01,0.4197249934347343,-1.029770
03/01/2026 07:01,0.42409216657746523,-0.629360
03/01/2026 06:01,0.4267781358583941,-0.648376
03/01/2026 05:01,0.42956332240674905,0.525711
03/01/2026 04:02,0.4273168720338581,0.607298
03/01/2026 03:00,0.42473745134721197,-0.162623
03/01/2026 02:01,0.42542929711917987,0.561672
03/01/2026 01:00,0.42305312506722564,-0.530114
03/01/2026 00:01,0.42530773921609555,0.174741
02/01/2026 23:01,0.42456584961762595,1.087279
02/01/2026 22:02,0.41999928680962906,0.157598
02/01/2026 21:01,0.41933841831860097,1.495455
02/01/2026 20:01,0.41315980041407224,-0.680714
02/01/2026 19:00,0.41599151401975043,0.216682
02/01/2026 18:01,0.41509208505733886,1.669458
02/01/2026 17:01,0.4082760852719924,0.615024
02/01/2026 16:01,0.4057804370446204,0.759287
02/01/2026 15:02,0.4027226163205422,0.110328
02/01/2026 14:01,0.40227879082171275,0.845153
02/01/2026 13:01,0.39890741268434565,-1.327576
02/01/2026 12:03,0.40427446155000313,1.202669
02/01/2026 11:01,0.3994701580965241,1.579035
02/01/2026 10:00,0.39326043625922025,0.317033
02/01/2026 09:01,0.39201760939238833,-0.236592
02/01/2026 08:01,0.39294729007039136,0.126044
02/01/2026 07:03,0.39245262688804694,0.341326
02/01/2026 06:01,0.3911176421031925,-0.783684
02/01/2026 05:02,0.3942069795849376,2.023550
02/01/2026 04:01,0.3863882218828948,0.317135
02/01/2026 03:01,0.3851667229379097,0.176181
02/01/2026 02:00,0.38448932679756537,-0.645770
02/01/2026 01:02,0.3869883799145455,0.651403
02/01/2026 00:02,0.3844838388667386,1.204866
01/01/2026 23:00,0.3799064731625945,-0.087319
01/01/2026 22:01,0.38023849393555104,-0.435712
01/01/2026 21:02,0.38190249007331967,0.720558
01/01/2026 20:04,0.37917034950508827,0.190800
01/01/2026 19:02,0.37844827167773204,1.284063
01/01/2026 18:01,0.3736503638847292,0.286833
01/01/2026 17:01,0.37258167494449346,0.680587
01/01/2026 16:01,0.3700630744522213,1.022693
01/01/2026 15:01,0.36631677889760184,0.954523
01/01/2026 14:01,0.3628532594870525,-0.362627
01/01/2026 13:04,0.36417385098472654,0.243511
01/01/2026 12:02,0.36328920296040224,0.421378
01/01/2026 11:00,0.36176480676568157,0.308339
01/01/2026 10:01,0.36065277454318095,0.619229
01/01/2026 09:01,0.3584332505221834,0.003616
01/01/2026 08:01,0.35842029035416995,-0.370800
01/01/2026 07:01,0.3597542576997624,1.312205
01/01/2026 06:01,0.35509468620151985,-0.766881
01/01/2026 05:03,0.35783888459304386,-0.541311
01/01/2026 04:01,0.3597864464094769,-0.124051
01/01/2026 03:00,0.3602333212158715,-0.231404
01/01/2026 02:03,0.3610688493592242,0.658680
01/01/2026 01:02,0.35870612481727177,-0.232729
01/01/2026 00:01,0.35954288502725085,-0.837459
31/12/2025 23:01,0.3625793372679732,-0.067335
31/12/2025 22:02,0.36282364384608456,0.194729
31/12/2025 21:04,0.3621184936308158,-0.083092
31/12/2025 20:02,0.3624196344192669,-0.030202
31/12/2025 19:01,0.36252912534085574,-0.698602
31/12/2025 18:03,0.36507957906268995,-1.720320
31/12/2025 17:02,0.3714700522523336,-0.916861
31/12/2025 16:03,0.37490743043751285,-0.060068
31/12/2025 15:03,0.3751327655610246,0.326871
31/12/2025 14:01,0.37391056029352054,-0.798630
31/12/2025 13:01,0.37692076182632067,0.791199
31/12/2025 12:01,0.37396197695193767,-0.160202
31/12/2025 11:02,0.37456203370379,0.235757
31/12/2025 10:01,0.37368105607868596,-0.192467
31/12/2025 09:01,0.3744016545901881,0.239736
31/12/2025 08:02,0.3735062272916851,0.017395
31/12/2025 07:01,0.3734412673489129,-0.152337
31/12/2025 06:02,0.3740110228198409,-0.036820
31/12/2025 05:02,0.37414878347866737,-0.411579
31/12/2025 04:02,0.3756950659202674,-0.083653
31/12/2025 03:01,0.3760096081604202,0.776169
31/12/2025 02:01,0.37311361542282767,-0.231180
31/12/2025 01:02,0.37397817776986253,0.023559
31/12/2025 00:02,0.37389009306080717,0.068963
30/12/2025 23:02,0.3736324236890282,0.242240
30/12/2025 22:03,0.372729525514343,-0.750047
30/12/2025 21:01,0.37554629947576984,-0.057676
30/12/2025 20:01,0.37576302488520974,-0.387855
30/12/2025 19:00,0.37722611592585775,-0.360985
30/12/2025 18:01,0.37859277853620077,-0.245728
30/12/2025 17:00,0.37952537910218775,-0.262267
30/12/2025 16:01,0.38052336612147647,0.566815
30/12/2025 15:01,0.37837865883452576,