Date,Open,High,Low,Avg,Close,Chg,Volume,Vol Chg,Market Cap,MCap Chg
2026-03-28,$8.78,$8.96,$8.71,$8.83,$8.87,0.9959,"$65,046,131",-51.53,"$3,829,154,116",0.956
2026-03-27,$9.09,$9.13,$8.67,$8.92,$8.78,-3.33,"$134,198,254",-12.36,"$3,792,879,286",-3.50
2026-03-26,$9.68,$9.68,$8.99,$9.37,$9.10,-6.00,"$153,120,086",8.53,"$3,930,323,830",-5.90
2026-03-25,$9.63,$9.78,$9.57,$9.66,$9.67,0.406,"$141,084,859",-3.63,"$4,176,954,137",0.645
2026-03-24,$9.53,$9.62,$9.36,$9.53,$9.61,0.821,"$146,394,451",-41.07,"$4,150,187,991",0.887
2026-03-23,$9.02,$9.72,$8.95,$9.31,$9.53,5.62,"$248,418,782",64.66,"$4,113,698,911",5.58
2026-03-22,$9.26,$9.32,$8.91,$9.13,$9.02,-2.50,"$150,865,276",70.89,"$3,896,400,943",-3.77
2026-03-21,$9.57,$9.63,$9.38,$9.49,$9.38,-1.99,"$88,283,950",-43.71,"$4,048,996,230",-1.99
2026-03-20,$9.48,$9.63,$9.44,$9.53,$9.57,0.982,"$156,840,407",-0.676,"$4,131,302,497",1.11
2026-03-19,$9.68,$9.73,$9.35,$9.56,$9.46,-2.20,"$157,907,614",-40.56,"$4,085,811,775",-2.22
2026-03-18,$10.21,$10.34,$9.51,$9.93,$9.68,-5.18,"$265,666,302",19.97,"$4,178,529,596",-5.16
2026-03-17,$10.48,$10.50,$10.20,$10.35,$10.20,-2.65,"$221,434,836",-32.98,"$4,406,069,810",-2.73
2026-03-16,$9.95,$10.50,$9.91,$10.21,$10.49,5.42,"$330,421,317",121.41,"$4,529,800,777",5.66
2026-03-15,$9.72,$10.01,$9.67,$9.83,$9.93,2.12,"$149,236,397",40.49,"$4,287,245,567",2.13
2026-03-14,$9.72,$9.77,$9.54,$9.69,$9.72,-0.00198,"$106,227,024",-62.26,"$4,197,785,719",-0.031
2026-03-13,$9.68,$10.24,$9.67,$9.83,$9.73,0.501,"$281,443,390",83.74,"$4,199,085,387",0.498
2026-03-12,$9.55,$9.72,$9.46,$9.60,$9.68,1.31,"$153,171,000",-7.44,"$4,178,259,075",1.30
2026-03-11,$9.53,$9.82,$9.50,$9.60,$9.55,0.228,"$165,482,884",-30.24,"$4,124,602,315",0.393
2026-03-10,$9.25,$9.91,$9.25,$9.48,$9.52,2.84,"$237,212,060",7.16,"$4,108,453,060",3.01
2026-03-09,$8.82,$9.44,$8.82,$9.08,$9.24,4.73,"$221,357,299",90.72,"$3,988,545,615",4.72
2026-03-08,$8.91,$9.00,$8.75,$8.87,$8.82,-0.974,"$116,061,697",16.77,"$3,808,799,945",-0.963
2026-03-07,$9.02,$9.07,$8.89,$8.97,$8.91,-1.25,"$99,396,361",-42.93,"$3,845,850,562",-1.39
2026-03-06,$9.38,$9.45,$8.90,$9.19,$9.03,-3.67,"$174,157,832",14.30,"$3,900,228,943",-3.75
2026-03-05,$9.50,$9.56,$9.28,$9.43,$9.39,-1.16,"$152,365,681",-47.79,"$4,052,200,299",-1.19
2026-03-04,$9.18,$9.71,$9.02,$9.35,$9.50,3.48,"$291,857,290",54.25,"$4,101,136,135",3.40
2026-03-03,$9.17,$9.30,$8.95,$9.15,$9.19,0.141,"$189,208,995",-18.82,"$3,966,462,367",0.121
2026-03-02,$9.03,$9.42,$8.88,$9.13,$9.18,1.59,"$233,074,822",-0.037,"$3,961,680,442",1.56
2026-03-01,$9.17,$9.38,$8.87,$9.11,$9.03,-1.44,"$233,160,976",-19.67,"$3,900,911,950",-1.43
2026-02-28,$8.96,$9.23,$8.46,$8.95,$9.17,2.34,"$290,251,563",35.84,"$3,957,396,200",2.27
2026-02-27,$9.30,$9.46,$8.85,$9.14,$8.96,-3.67,"$213,670,320",-21.84,"$3,869,590,968",-3.65
2026-02-26,$9.50,$9.61,$9.11,$9.38,$9.30,-2.04,"$273,372,784",-39.28,"$4,016,271,558",-1.80
2026-02-25,$8.29,$9.79,$8.27,$8.96,$9.47,14.21,"$450,244,191",225.75,"$4,089,952,343",14.16
2026-02-24,$8.36,$8.43,$8.21,$8.33,$8.30,-0.771,"$138,217,915",-32.36,"$3,582,702,096",-0.696
2026-02-23,$8.87,$8.89,$8.29,$8.60,$8.36,-5.84,"$204,330,047",81.79,"$3,607,823,240",-5.71
2026-02-22,$9.12,$9.12,$8.80,$8.97,$8.86,-2.78,"$112,401,993",2.33,"$3,826,448,835",-2.85
2026-02-21,$9.16,$9.42,$9.11,$9.20,$9.12,-0.435,"$109,846,086",-41.45,"$3,938,544,102",-0.309
2026-02-20,$8.90,$9.33,$8.89,$9.07,$9.15,2.85,"$187,623,089",37.24,"$3,950,750,748",2.82
2026-02-19,$8.85,$8.92,$8.69,$8.84,$8.90,0.531,"$136,712,189",5.59,"$3,842,476,560",0.528
2026-02-18,$9.14,$9.18,$8.82,$9.00,$8.85,-3.14,"$129,472,865",14.25,"$3,822,313,501",-3.17
2026-02-17,$9.26,$9.29,$9.03,$9.18,$9.14,-1.31,"$113,323,166",-14.23,"$3,947,327,856",-1.28
2026-02-16,$9.28,$9.37,$9.08,$9.25,$9.26,-0.237,"$132,130,165",-19.60,"$3,998,376,582",-0.262
2026-02-15,$9.59,$9.71,$9.16,$9.44,$9.28,-3.22,"$164,340,621",10.36,"$4,008,878,353",-3.14
2026-02-14,$9.15,$9.69,$9.14,$9.39,$9.59,4.76,"$148,907,165",6.89,"$4,138,734,358",4.76
2026-02-13,$8.90,$9.23,$8.75,$9.01,$9.15,2.85,"$139,307,833",-7.21,"$3,950,628,284",3.02
2026-02-12,$8.63,$8.95,$8.63,$8.77,$8.88,2.87,"$150,135,659",-16.36,"$3,834,756,213",2.94
2026-02-11,$8.74,$8.90,$8.47,$8.68,$8.63,-1.34,"$179,507,230",38.72,"$3,725,243,581",-1.32
2026-02-10,$9.05,$9.09,$8.67,$8.89,$8.74,-3.35,"$129,402,793",-11.44,"$3,774,943,805",-3.43
2026-02-09,$9.09,$9.18,$8.73,$9.01,$9.05,-0.349,"$146,116,319",14.70,"$3,909,194,207",-0.501
2026-02-08,$9.22,$9.26,$9.03,$9.15,$9.10,-1.30,"$127,384,628",-49.31,"$3,928,867,690",-1.43
2026-02-07,$9.27,$9.35,$8.95,$9.20,$9.23,-0.387,"$251,292,757",-43.49,"$3,985,881,335",-0.401
2026-02-06,$8.29,$9.41,$7.73,$8.68,$9.27,11.79,"$444,697,624",-14.88,"$4,001,920,787",11.86
2026-02-05,$9.73,$9.79,$8.28,$9.02,$8.29,-14.82,"$522,466,734",103.99,"$3,577,592,718",-14.90
2026-02-04,$9.90,$10.13,$9.58,$9.84,$9.74,-1.68,"$256,123,077",-9.89,"$4,204,051,168",-1.61
2026-02-03,$10.13,$10.22,$9.56,$9.95,$9.90,-2.33,"$284,239,341",7.81,"$4,272,728,687",-2.45
2026-02-02,$9.92,$10.27,$9.56,$9.97,$10.15,2.30,"$263,652,965",17.39,"$4,379,925,275",2.24
2026-02-01,$10.10,$10.22,$9.78,$10.01,$9.92,-1.78,"$224,586,204",-49.74,"$4,283,922,476",-1.75
2026-01-31,$10.88,$10.88,$9.62,$10.37,$10.10,-7.13,"$446,880,422",49.54,"$4,360,202,455",-7.11
2026-01-30,$11.03,$11.06,$10.75,$10.93,$10.88,-1.37,"$298,826,978",-9.86,"$4,693,698,809",-1.31
2026-01-29,$12.05,$12.06,$10.81,$11.49,$11.03,-8.52,"$331,513,398",95.83,"$4,755,846,526",-8.56
2026-01-28,$12.12,$12.24,$11.96,$12.10,$12.06,-0.487,"$169,286,035",-5.17,"$5,201,218,037",-0.624
2026-01-27,$11.72,$12.14,$11.60,$11.90,$12.14,3.57,"$178,516,390",-2.30,"$5,233,864,750",3.43
2026-01-26,$11.47,$11.88,$11.47,$11.64,$11.73,2.25,"$182,718,111",-2.52,"$5,060,219,360",2.18
2026-01-25,$12.04,$12.05,$11.27,$11.71,$11.48,-4.63,"$187,441,272",185.15,"$4,952,422,333",-4.66
2026-01-24,$12.11,$12.16,$11.98,$12.08,$12.05,-0.556,"$65,733,780",-62.46,"$5,194,664,555",-0.505
2026-01-23,$12.18,$12.43,$12.04,$12.19,$12.11,-0.623,"$175,117,470",22.45,"$5,221,017,680",-0.532
2026-01-22,$12.39,$12.60,$12.06,$12.30,$12.17,-1.76,"$143,011,433",-46.47,"$5,248,944,428",-1.80
2026-01-21,$12.08,$12.66,$11.94,$12.27,$12.40,2.57,"$267,174,451",7.70,"$5,345,262,106",2.60
2026-01-20,$12.73,$12.73,$12.08,$12.41,$12.08,-5.08,"$248,080,558",-13.53,"$5,209,926,925",-5.12
2026-01-19,$13.04,$13.04,$12.50,$12.83,$12.74,-2.30,"$286,886,577",113.98,"$5,490,889,239",-2.76
2026-01-18,$13.73,$13.80,$13.10,$13.44,$13.10,-4.57,"$134,073,126",4.13,"$5,646,842,146",-4.53
2026-01-17,$13.58,$13.90,$13.54,$13.68,$13.73,1.09,"$128,760,465",-44.87,"$5,914,852,097",1.07
2026-01-16,$13.82,$13.85,$13.22,$13.62,$13.58,-1.74,"$233,562,832",-8.26,"$5,852,051,014",-1.66
2026-01-15,$14.62,$14.62,$13.67,$14.18,$13.81,-5.51,"$254,594,890",-18.74,"$5,950,629,196",-5.46
2026-01-14,$14.74,$14.90,$14.42,$14.67,$14.62,-0.851,"$313,306,155",-29.48,"$6,294,584,611",-0.649
2026-01-13,$13.50,$14.80,$13.48,$14.12,$14.72,9.00,"$444,287,612",10.60,"$6,335,682,130",9.02
2026-01-12,$13.68,$14.17,$13.48,$13.71,$13.50,-1.30,"$401,723,081",210.35,"$5,811,332,189",-1.24
2026-01-11,$13.72,$13.94,$13.54,$13.72,$13.67,-0.348,"$129,440,308",29.10,"$5,884,378,360",-0.379
2026-01-10,$13.77,$13.92,$13.64,$13.76,$13.73,-0.294,"$100,260,005",-52.81,"$5,906,782,349",-0.358
2026-01-09,$13.88,$14.15,$13.65,$13.86,$13.78,-0.723,"$212,449,960",1.51,"$5,928,033,936",-0.796
2026-01-08,$14.11,$14.20,$13.66,$13.96,$13.89,-1.57,"$209,286,127",-20.19,"$5,975,587,901",-1.50
2026-01-07,$14.59,$14.59,$13.94,$14.30,$14.10,-3.35,"$262,243,409",-28.20,"$6,066,390,713",-3.40
2026-01-06,$14.46,$14.78,$14.26,$14.52,$14.60,0.966,"$365,265,696",7.14,"$6,279,839,786",0.886
2026-01-05,$14.23,$14.68,$13.99,$14.34,$14.47,1.70,"$340,909,119",48.08,"$6,224,695,389",1.69
2026-01-04,$13.98,$14.44,$13.91,$14.14,$14.23,1.76,"$230,223,485",-11.89,"$6,121,224,802",1.74
2026-01-03,$13.78,$14.26,$13.71,$13.93,$13.98,1.48,"$261,296,513",-16.01,"$6,016,255,713",1.53
2026-01-02,$13.56,$13.93,$13.15,$13.60,$13.78,1.58,"$311,104,341",-3.72,"$5,925,672,022",1.76
2026-01-01,$12.30,$13.62,$12.22,$12.92,$13.55,10.12,"$323,114,949",103.35,"$5,823,025,300",10.06
2025-12-31,$12.56,$12.68,$12.26,$12.45,$12.31,-1.97,"$158,898,791",2.60,"$5,290,620,888",-1.91
2025-12-30,$12.36,$12.60,$12.34,$12.46,$12.55,1.58,"$154,865,502",-43.25,"$5,393,894,256",1.62
2025-12-29,$12.63,$13.12,$12.35,$12.61,$12.36,-2.20,"$272,912,127",84.78,"$5,308,134,900",-2.24
2025-12-28,$12.69,$12.84,$12.53,$12.68,$12.64,-0.408,"$147,694,829",30.49,"$5,429,934,957",-0.369
2025-12-27,$12.34,$12.69,$12.34,$12.51,$12.69,2.77,"$113,181,141",-38.47,"$5,450,072,624",2.79
2025-12-26,$12.08,$12.55,$12.05,$12.25,$12.34,2.17,"$183,958,064",6.73,"$5,302,317,596",2.19
2025-12-25,$12.11,$12.48,$12.06,$12.18,$12.08,-0.225,"$172,358,092",20.39,"$5,188,829,000",-0.254
2025-12-24,$12.18,$12.20,$11.91,$12.10,$12.11,-0.569,"$143,170,482",-35.40,"$5,202,018,518",-0.600
2025-12-23,$12.40,$12.51,$11.91,$12.25,$12.18,-1.73,"$221,609,907",-8.08,"$5,233,413,698",-1.69
2025-12-22,$12.14,$12.40,$12.07,$12.25,$12.39,2.08,"$241,099,357",97.16,"$5,323,429,559",2.09
2025-12-21,$12.21,$12.31,$11.99,$12.16,$12.14,-0.556,"$122,284,823",23.51,"$5,214,301,410",-0.528
2025-12-20,$12.24,$12.36,$12.16,$12.24,$12.20,-0.333,"$99,004,317",-65.85,"$5,241,969,803",-0.396
2025-12-19,$11.44,$12.36,$11.29,$11.83,$12.25,7.15,"$289,879,492",0.583,"$5,262,792,885",7.20
2025-12-18,$11.85,$12.26,$11.32,$11.71,$11.43,-3.51,"$288,197,998",6.22,"$4,909,375,098",-3.52
2025-12-17,$12.34,$12.57,$11.74,$12.13,$11.85,-3.99,"$271,334,555",7.09,"$5,088,593,600",-3.98
2025-12-16,$12.34,$12.36,$12.05,$12.27,$12.34,-0.0117,"$253,373,442",-5.37,"$5,299,463,766",-0.0446
2025-12-15,$12.90,$13.30,$12.28,$12.71,$12.35,-4.27,"$267,753,315",90.65,"$5,301,830,510",-4.25
2025-12-14,$13.38,$13.39,$12.85,$13.13,$12.89,-3.66,"$140,442,967",-3.48,"$5,536,925,182",-3.66
2025-12-13,$13.11,$13.45,$13.11,$13.26,$13.38,2.07,"$145,512,846",-37.09,"$5,747,394,315",2.05
2025-12-12,$13.43,$13.78,$12.84,$13.29,$13.11,-2.32,"$231,303,184",-29.38,"$5,631,744,685",-2.34
2025-12-11,$14.11,$14.11,$12.93,$13.64,$13.43,-4.82,"$327,551,442",7.90,"$5,766,952,618",-5.11
2025-12-10,$14.62,$14.73,$14.15,$14.41,$14.15,-3.16,"$303,555,529",-7.65,"$6,077,629,096",-3.10
2025-12-09,$13.64,$14.70,$13.53,$14.12,$14.61,7.09,"$328,684,314",63.58,"$6,272,036,481",7.12
2025-12-08,$13.43,$13.85,$13.40,$13.58,$13.64,1.50,"$200,929,751",-9.11,"$5,855,287,165",1.78
2025-12-07,$13.41,$13.83,$13.01,$13.41,$13.40,-0.0399,"$221,072,078",24.31,"$5,753,103,215",0.07
2025-12-06,$13.21,$13.46,$13.17,$13.31,$13.40,1.40,"$177,836,532",-39.63,"$5,749,078,751",1.22
2025-12-05,$14.41,$14.51,$13.15,$13.83,$13.23,-8.16,"$294,565,542",11.68,"$5,679,631,848",-8.09
2025-12-04,$14.81,$14.85,$14.27,$14.58,$14.40,-2.79,"$263,758,668",-38.69,"$6,179,318,416",-2.88
2025-12-03,$13.64,$14.89,$13.60,$14.24,$14.83,8.70,"$430,197,801",26.71,"$6,362,853,983",8.63
2025-12-02,$12.78,$13.73,$12.74,$13.22,$13.65,6.84,"$339,513,088",13.10,"$5,857,160,142",6.63
2025-12-01,$13.73,$13.73,$12.58,$13.21,$12.80,-6.76,"$300,197,601",30.19,"$5,492,977,164",-7.20
2025-11-30,$14.25,$14.32,$13.80,$14.04,$13.80,-3.19,"$230,583,863",24.02,"$5,918,838,827",-3.17
2025-11-29,$14.85,$14.89,$14.23,$14.55,$14.25,-4.03,"$185,927,729",-31.10,"$6,112,577,621",-4.06
2025-11-28,$15.02,$15.23,$14.84,$14.99,$14.85,-1.13,"$269,869,101",3.23,"$6,371,135,512",-1.13
2025-11-27,$14.91,$15.14,$14.89,$14.99,$15.02,0.743,"$261,427,713",-14.89,"$6,443,938,204",0.815
2025-11-26,$14.17,$14.90,$13.93,$14.48,$14.90,5.18,"$307,180,908",5.06,"$6,391,838,309",5.02
2025-11-25,$13.89,$14.31,$13.76,$14.04,$14.19,2.14,"$292,390,156",2.52,"$6,086,290,410",2.12
2025-11-24,$13.27,$14.02,$13.18,$13.59,$13.90,4.68,"$285,205,592",60.44,"$5,959,673,551",4.62
2025-11-23,$13.23,$13.44,$13.22,$13.29,$13.28,0.425,"$177,760,284",-18.87,"$5,696,754,256",0.424
2025-11-22,$13.31,$13.31,$13.04,$13.22,$13.23,-0.591,"$219,096,156",-52.50,"$5,672,697,439",-0.645
2025-11-21,$13.80,$13.93,$12.71,$13.44,$13.31,-3.55,"$461,215,107",42.45,"$5,709,495,931",-3.95
2025-11-20,$14.25,$14.43,$13.53,$14.02,$13.86,-2.75,"$323,776,861",4.25,"$5,944,552,850",-2.73
2025-11-19,$14.56,$14.63,$13.75,$14.30,$14.25,-2.14,"$310,573,776",-11.46,"$6,111,458,755",-2.12
2025-11-18,$14.50,$14.87,$14.11,$14.51,$14.56,0.385,"$350,753,436",-10.40,"$6,243,734,727",0.464
2025-11-17,$15.16,$15.73,$14.31,$14.92,$14.49,-4.41,"$391,479,061",38.01,"$6,214,891,559",-4.62
2025-11-16,$15.53,$15.82,$14.70,$15.31,$15.20,-2.13,"$283,657,151",79.38,"$6,516,218,517",-2.18
2025-11-15,$15.16,$15.76,$15.16,$15.40,$15.54,2.49,"$158,133,569",-65.11,"$6,661,399,794",2.32
2025-11-14,$16.12,$16.12,$15.05,$15.62,$15.18,-5.80,"$453,272,890",22.28,"$6,510,555,806",-6.26
2025-11-13,$16.81,$17.66,$15.81,$16.62,$16.20,-3.66,"$370,674,833",36.88,"$6,945,422,377",-3.28
2025-11-12,$17.02,$17.74,$16.67,$17.06,$16.81,-1.21,"$270,796,252",-13.02,"$7,181,280,792",-1.41
2025-11-11,$18.18,$18.49,$17.02,$17.69,$17.05,-6.20,"$311,330,171",-7.60,"$7,283,674,581",-6.22
2025-11-10,$17.78,$18.30,$17.70,$17.99,$18.19,2.30,"$336,932,122",30.24,"$7,766,502,629",2.60
2025-11-09,$17.48,$17.87,$16.86,$17.48,$17.72,1.41,"$258,693,534",-27.47,"$7,569,721,977",1.43
2025-11-08,$17.73,$18.32,$17.08,$17.65,$17.48,-1.41,"$356,681,582",-37.38,"$7,463,179,732",-1.58
2025-11-07,$16.08,$18.00,$16.08,$16.98,$17.76,10.40,"$569,551,988",103.61,"$7,582,692,708",10.48
2025-11-06,$16.68,$16.69,$15.71,$16.29,$16.07,-3.63,"$279,733,451",-16.94,"$6,863,289,165",-3.74
2025-11-05,$16.02,$16.96,$15.38,$16.26,$16.70,4.24,"$336,768,313",-40.79,"$7,129,817,641",4.08
2025-11-04,$16.66,$16.98,$15.22,$16.22,$16.04,-3.69,"$568,777,431",9.14,"$6,850,208,614",-3.73
2025-11-03,$18.85,$18.86,$16.36,$17.69,$16.67,-11.56,"$521,144,203",191.79,"$7,115,901,305",-11.57
2025-11-02,$18.71,$18.97,$18.12,$18.67,$18.86,0.756,"$178,603,178",1.57,"$8,046,667,460",0.9912
2025-11-01,$18.20,$18.72,$18.10,$18.42,$18.67,2.61,"$175,836,760",-39.52,"$7,967,694,481",2.62
2025-10-31,$18.12,$18.54,$17.84,$18.17,$18.20,0.387,"$290,750,007",-33.17,"$7,764,343,857",0.348
2025-10-30,$19.66,$19.95,$17.60,$18.84,$18.13,-7.76,"$435,076,190",36.27,"$7,737,439,589",-7.72
2025-10-29,$19.49,$20.14,$19.39,$19.67,$19.65,0.838,"$319,282,760",-15.39,"$8,384,601,261",0.751
2025-10-28,$20.33,$20.50,$19.28,$19.90,$19.50,-4.06,"$377,364,872",9.13,"$8,322,102,336",-4.02
2025-10-27,$20.83,$21.07,$20.24,$20.62,$20.33,-2.44,"$345,790,104",-12.99,"$8,671,102,255",-2.57
2025-10-26,$19.72,$20.88,$19.38,$20.21,$20.86,5.77,"$397,401,609",121.03,"$8,899,723,183",5.81
2025-10-25,$19.50,$19.80,$19.28,$19.57,$19.72,1.12,"$179,792,463",-40.69,"$8,411,426,724",1.11
2025-10-24,$19.13,$19.72,$19.09,$19.36,$19.50,1.95,"$303,134,742",4.37,"$8,318,746,476",2.08
2025-10-23,$19.02,$19.71,$19.01,$19.21,$19.10,0.423,"$290,440,836",-24.08,"$8,149,275,807",0.505
2025-10-22,$19.56,$19.67,$18.61,$19.21,$19.01,-2.82,"$382,549,630",-9.05,"$8,108,342,209",-2.74
2025-10-21,$20.35,$20.81,$19.51,$20.06,$19.54,-3.96,"$420,593,420",5.92,"$8,336,735,095",-3.98
2025-10-20,$20.60,$21.15,$20.24,$20.58,$20.36,-1.16,"$397,070,580",26.90,"$8,682,322,459",-1.16
2025-10-19,$20.22,$20.81,$19.80,$20.36,$20.60,1.88,"$312,911,461",30.88,"$8,784,548,754",1.94
2025-10-18,$19.97,$20.37,$19.87,$20.10,$20.21,1.18,"$239,087,755",-63.25,"$8,617,364,019",1.18
2025-10-17,$20.96,$21.20,$19.12,$20.31,$19.97,-4.74,"$650,650,817",15.06,"$8,516,564,172",-4.66
2025-10-16,$21.91,$22.30,$20.69,$21.46,$20.95,-4.37,"$565,464,129",13.55,"$8,933,165,420",-4.37
2025-10-15,$22.76,$23.21,$21.73,$22.40,$21.91,-3.72,"$498,000,848",-43.19,"$9,341,282,518",-3.90
2025-10-14,$23.83,$23.87,$22.03,$23.13,$22.80,-4.32,"$876,552,644",-25.40,"$9,720,708,531",-4.33
2025-10-13,$22.56,$24.01,$21.98,$23.10,$23.84,5.65,"$1,174,992,564",25.68,"$10,161,113,815",5.82
2025-10-12,$21.50,$23.22,$20.77,$22.01,$22.53,4.75,"$934,885,138",-21.41,"$9,602,368,649",4.60
2025-10-11,$20.81,$23.30,$20.65,$21.57,$21.53,3.50,"$1,189,593,659",-27.18,"$9,180,099,352",1.39
2025-10-10,$28.38,$28.59,$15.86,$23.52,$21.24,-25.16,"$1,633,699,631",301.79,"$9,054,291,181",-24.45
2025-10-09,$28.84,$28.84,$27.76,$28.45,$28.38,-1.59,"$406,608,095",-19.95,"$11,983,980,675",-1.52
2025-10-08,$27.94,$29.35,$27.93,$28.51,$28.82,3.12,"$507,934,008",-32.58,"$12,168,533,528",3.17
2025-10-07,$30.72,$30.72,$27.93,$29.33,$27.93,-9.08,"$753,414,775",27.67,"$11,794,471,851",-9.12
2025-10-06,$30.06,$30.96,$30.01,$30.44,$30.73,2.25,"$590,104,463",12.65,"$12,978,172,171",2.43
2025-10-05,$30.13,$31.12,$29.70,$30.24,$30.00,-0.409,"$523,838,505",14.33,"$12,670,110,087",-0.444
2025-10-04,$31.37,$31.38,$29.93,$30.70,$30.14,-3.91,"$458,191,925",-44.05,"$12,726,595,310",-3.97
2025-10-03,$31.02,$31.51,$30.09,$31.00,$31.38,1.19,"$818,909,429",-24.72,"$13,252,717,534",1.41
2025-10-02,$30.70,$31.34,$29.67,$30.67,$30.95,0.807,"$1,087,886,470",61.95,"$13,068,997,437",0.860
2025-10-01,$30.02,$31.04,$29.67,$30.35,$30.68,2.22,"$671,729,559",3.91,"$12,957,519,862",2.27
2025-09-30,$30.44,$30.59,$28.87,$29.97,$30.00,-1.44,"$646,432,743",-22.05,"$12,669,518,581",-1.53
2025-09-29,$30.01,$30.79,$29.25,$30.13,$30.47,1.53,"$829,277,935",57.52,"$12,866,741,179",1.49
2025-09-28,$28.78,$30.07,$27.99,$29.22,$30.02,4.30,"$526,459,166",41.19,"$12,677,412,505",4.18
2025-09-27,$29.11,$29.11,$28.30,$28.84,$28.82,-1.02,"$372,877,274",-66.46,"$12,168,908,936",-0.792
2025-09-26,$28.68,$29.53,$27.15,$28.60,$29.05,1.28,"$1,111,725,778",-0.886,"$12,266,057,192",1.24
2025-09-25,$32.33,$32.65,$28.63,$30.58,$28.69,-11.26,"$1,121,667,885",24.45,"$12,115,983,591",-11.24
2025-09-24,$33.63,$34.73,$32.32,$33.25,$32.32,-3.88,"$901,332,526",-48.06,"$13,649,665,147",-3.99
2025-09-23,$33.70,$35.85,$32.85,$34.02,$33.67,-0.106,"$1,735,407,023",21.50,"$14,216,392,563",0.134
2025-09-22,$33.06,$33.82,$30.15,$32.66,$33.62,1.71,"$1,428,284,317",220.66,"$14,197,372,337",1.70
2025-09-21,$33.19,$33.53,$32.70,$33.12,$33.06,-0.380,"$445,422,626",-17.72,"$13,960,384,155",-0.318
2025-09-20,$33.74,$34.04,$32.96,$33.48,$33.17,-1.72,"$541,338,776",-44.77,"$14,004,854,259",-1.55
2025-09-19,$35.23,$35.68,$33.51,$34.53,$33.69,-4.37,"$980,239,212",-32.99,"$14,225,486,832",-4.53
2025-09-18,$31.77,$35.28,$31.75,$33.52,$35.28,11.05,"$1,462,764,457",95.32,"$14,899,776,785",11.15
2025-09-17,$30.09,$31.85,$29.44,$30.78,$31.75,5.51,"$748,901,908",8.36,"$13,405,197,141",5.59
2025-09-16,$29.81,$30.91,$29.26,$30.01,$30.06,0.848,"$691,108,102",-10.57,"$12,695,340,082",0.969
2025-09-15,$29.46,$30.33,$28.37,$29.48,$29.78,1.08,"$772,770,124",26.01,"$12,573,492,782",0.812
2025-09-14,$30.07,$30.58,$29.05,$29.81,$29.54,-1.78,"$613,264,051",-36.93,"$12,472,185,943",-1.67
2025-09-13,$28.98,$31.15,$28.80,$29.74,$30.04,3.65,"$972,321,062",75.27,"$12,684,328,893",3.81
2025-09-12,$29.17,$29.34,$28.27,$28.93,$28.94,-0.788,"$554,744,468",-23.84,"$12,219,084,138",-0.838
2025-09-11,$29.43,$29.54,$28.61,$29.19,$29.18,-0.856,"$728,430,205",-40.53,"$12,322,318,883",-0.758
2025-09-10,$25.95,$29.43,$25.78,$27.64,$29.40,13.33,"$1,224,799,002",106.55,"$12,416,422,729",13.34
2025-09-09,$25.29,$26.22,$24.93,$25.60,$25.94,2.57,"$592,989,228",47.46,"$10,955,441,630",2.77
2025-09-08,$24.70,$25.72,$24.56,$25.05,$25.25,2.22,"$402,143,029",98.66,"$10,660,374,658",2.09
2025-09-07,$24.38,$24.89,$24.29,$24.57,$24.73,1.43,"$202,423,395",19.10,"$10,442,145,542",1.42
2025-09-06,$24.47,$24.60,$24.11,$24.39,$24.38,-0.384,"$169,967,690",-60.44,"$10,295,487,934",-0.371
2025-09-05,$24.26,$25.04,$23.90,$24.42,$24.47,0.886,"$429,656,083",30.42,"$10,333,812,888",0.819
2025-09-04,$25.20,$25.26,$24.22,$24.74,$24.27,-3.66,"$329,428,492",-35.87,"$10,249,881,945",-3.60
2025-09-03,$24.46,$25.52,$24.30,$24.86,$25.18,2.96,"$513,726,125",1.82,"$10,632,383,494",3.02
2025-09-02,$23.18,$24.47,$23.07,$23.79,$24.44,5.43,"$504,532,355",3.18,"$10,321,107,144",5.54
2025-09-01,$23.42,$24.27,$22.74,$23.40,$23.16,-1.10,"$488,997,051",165.40,"$9,779,360,563",-1.19
2025-08-31,$23.78,$24.16,$23.44,$23.71,$23.44,-1.45,"$184,252,062",-12.76,"$9,897,318,348",-1.46
2025-08-30,$23.58,$23.91,$23.20,$23.62,$23.79,0.885,"$211,191,999",-63.31,"$10,044,256,694",0.792
2025-08-29,$24.89,$25.18,$23.24,$24.23,$23.60,-5.19,"$575,559,260",32.92,"$9,965,351,838",-5.23
2025-08-28,$24.43,$24.93,$24.20,$24.61,$24.90,1.95,"$432,997,252",-16.04,"$10,515,281,579",1.85
2025-08-27,$24.17,$25.26,$23.91,$24.45,$24.45,1.14,"$515,748,423",24.50,"$10,324,465,543",1.20
2025-08-26,$23.38,$24.32,$23.15,$23.75,$24.16,3.34,"$414,265,453",-33.58,"$10,202,391,700",3.27
2025-08-25,$25.73,$25.88,$23.16,$24.54,$23.40,-9.06,"$623,706,420",6.26,"$9,879,672,393",-9.11
2025-08-24,$26.23,$26.49,$24.97,$25.86,$25.74,-1.85,"$586,945,512",-27.90,"$10,869,625,971",-1.78
2025-08-23,$25.22,$26.63,$24.54,$25.65,$26.21,3.90,"$814,070,747",15.86,"$11,066,563,291",3.91
2025-08-22,$22.80,$25.32,$22.29,$23.91,$25.22,10.62,"$702,647,119",167.49,"$10,650,416,110",10.83
2025-08-21,$23.44,$23.54,$22.73,$23.12,$22.76,-2.90,"$262,684,783",-26.87,"$9,610,050,834",-2.86
2025-08-20,$22.37,$23.54,$22.33,$22.92,$23.43,4.75,"$359,185,090",-16.11,"$9,893,338,614",4.82
2025-08-19,$23.69,$24.03,$22.35,$23.11,$22.35,-5.67,"$428,178,274",-23.82,"$9,438,003,898",-5.59
2025-08-18,$25.08,$25.26,$23.42,$24.36,$23.67,-5.62,"$562,055,406",32.20,"$9,997,106,440",-5.72
2025-08-17,$24.31,$25.62,$24.07,$24.78,$25.11,3.29,"$425,151,345",48.24,"$10,604,183,878",3.31
2025-08-16,$23.76,$24.34,$23.62,$24.01,$24.31,2.31,"$286,796,229",-62.38,"$10,264,865,418",2.38
2025-08-15,$23.67,$25.59,$23.55,$24.13,$23.74,0.320,"$762,324,600",0.0102,"$10,025,844,080",0.136
2025-08-14,$25.52,$25.95,$23.27,$24.61,$23.71,-7.07,"$762,246,990",38.00,"$10,012,246,095",-7.32
2025-08-13,$24.67,$25.63,$24.41,$25.07,$25.58,3.69,"$552,342,426",13.02,"$10,803,203,873",3.68
2025-08-12,$22.83,$24.83,$22.80,$23.79,$24.68,8.08,"$488,712,307",15.70,"$10,419,940,636",7.94
2025-08-11,$23.86,$24.56,$22.71,$23.50,$22.86,-4.18,"$422,386,965",33.33,"$9,653,238,842",-4.15
2025-08-10,$24.25,$24.51,$23.32,$23.98,$23.85,-1.64,"$316,808,369",-31.21,"$10,071,431,592",-1.64
2025-08-09,$23.81,$24.77,$23.77,$24.15,$24.25,1.86,"$460,577,696",-6.92,"$10,239,535,523",1.88
2025-08-08,$23.35,$23.85,$23.07,$23.52,$23.80,1.94,"$494,794,525",39.34,"$10,050,433,844",1.98
2025-08-07,$22.23,$23.34,$21.98,$22.72,$23.34,4.99,"$355,109,189",52.04,"$9,855,762,921",4.98
2025-08-06,$21.90,$22.36,$21.61,$22.02,$22.23,1.53,"$233,568,415",-13.24,"$9,388,175,745",1.55
2025-08-05,$23.09,$23.11,$21.48,$22.39,$21.89,-5.18,"$269,211,793",-28.01,"$9,244,902,559",-5.14
2025-08-04,$21.38,$23.08,$21.36,$22.22,$23.08,7.95,"$373,939,996",132.34,"$9,745,521,413",7.98
2025-08-03,$20.86,$21.52,$20.70,$21.11,$21.37,2.44,"$160,945,407",-27.77,"$9,025,229,350",2.21
2025-08-02,$21.55,$21.79,$20.71,$21.24,$20.91,-2.97,"$222,837,252",-54.88,"$8,829,747,666",-3.03
2025-08-01,$22.48,$22.53,$21.17,$21.93,$21.56,-4.06,"$493,864,639",35.30,"$9,105,288,341",-4.06
2025-07-31,$23.33,$24.07,$22.47,$23.09,$22.47,-3.68,"$365,026,076",-17.82,"$9,490,659,003",-3.73
2025-07-30,$24.36,$24.43,$22.56,$23.67,$23.35,-4.15,"$444,171,441",-16.15,"$9,858,608,134",-4.07
2025-07-29,$25.06,$25.46,$23.94,$24.70,$24.34,-2.86,"$529,717,141",-29.79,"$10,277,362,819",-2.92
2025-07-28,$26.05,$27.27,$25.07,$25.87,$25.07,-3.77,"$754,488,724",109.86,"$10,586,007,547",-3.47
2025-07-27,$24.94,$26.29,$24.77,$25.50,$25.97,4.12,"$359,522,900",0.0258,"$10,966,467,299",4.13
2025-07-26,$24.00,$25.64,$23.87,$24.61,$24.94,3.94,"$359,430,152",-7.35,"$10,531,900,861",3.93
2025-07-25,$23.67,$24.00,$22.94,$23.65,$24.00,1.40,"$387,924,121",-13.04,"$10,133,530,525",1.43
2025-07-24,$23.94,$24.40,$22.78,$23.69,$23.66,-1.18,"$446,090,117",-25.85,"$9,990,322,550",-1.15
2025-07-23,$25.87,$25.99,$23.34,$24.78,$23.93,-7.48,"$601,567,831",-28.01,"$10,106,941,374",-7.37
2025-07-22,$25.44,$26.03,$24.80,$25.53,$25.84,1.55,"$835,678,026",43.83,"$10,911,109,320",1.55
2025-07-21,$25.06,$26.29,$24.76,$25.39,$25.45,1.52,"$581,016,457",23.82,"$10,744,933,083",1.48
2025-07-20,$24.53,$25.47,$24.37,$24.86,$25.08,2.24,"$469,249,792",8.14,"$10,588,716,990",2.25
2025-07-19,$23.52,$25.07,$23.09,$24.05,$24.52,4.27,"$433,916,140",-32.94,"$10,356,154,968",4.41
2025-07-18,$23.85,$24.96,$23.20,$23.87,$23.49,-1.52,"$647,016,586",8.02,"$9,918,667,122",-1.75
2025-07-17,$22.67,$24.11,$22.07,$23.19,$23.91,5.45,"$598,960,974",33.65,"$10,095,403,927",5.32
2025-07-16,$22.50,$22.98,$21.64,$22.46,$22.70,0.877,"$448,150,749",-19.16,"$9,585,359,620",0.920
2025-07-15,$21.28,$22.52,$20.48,$21.69,$22.49,5.72,"$554,340,705",51.64,"$9,497,985,367",5.75
2025-07-14,$21.20,$22.04,$21.12,$21.41,$21.27,0.332,"$365,567,967",-0.122,"$8,981,696,951",0.306
2025-07-13,$20.67,$21.71,$20.67,$21.06,$21.20,2.59,"$366,016,115",27.64,"$8,954,338,465",2.59
2025-07-12,$20.68,$21.03,$20.22,$20.65,$20.67,-0.0319,"$286,763,173",-37.49,"$8,727,912,904",-0.102
2025-07-11,$20.66,$21.45,$20.44,$20.81,$20.69,0.141,"$458,749,646",17.56,"$8,736,793,238",0.365
2025-07-10,$19.51,$20.72,$19.36,$20.05,$20.61,5.69,"$390,220,474",19.17,"$8,705,046,792",5.68
2025-07-09,$18.36,$19.59,$18.11,$18.89,$19.51,6.23,"$327,443,275",81.69,"$8,237,013,464",6.23
2025-07-08,$18.00,$18.45,$17.72,$18.13,$18.36,2.02,"$180,221,815",26.70,"$7,753,753,964",2.02
2025-07-07,$18.30,$18.53,$17.84,$18.17,$18.00,-1.63,"$142,242,776",3.73,"$7,600,261,372",-1.64
2025-07-06,$17.91,$18.57,$17.76,$18.14,$18.30,2.20,"$137,126,624",62.54,"$7,726,826,222",2.16
2025-07-05,$17.79,$17.99,$17.65,$17.83,$17.92,0.694,"$84,364,636",-59.61,"$7,563,793,261",0.685
2025-07-04,$18.54,$18.84,$17.54,$18.18,$17.79,-4.03,"$208,891,769",-15.00,"$7,512,363,390",-3.96
2025-07-03,$18.52,$19.13,$18.40,$18.64,$18.53,0.0648,"$245,761,223",-17.60,"$7,821,832,872",0.0744
2025-07-02,$17.10,$18.75,$17.04,$17.85,$18.51,8.25,"$298,250,787",69.68,"$7,816,018,536",8.31
2025-07-01,$17.97,$18.03,$17.00,$17.52,$17.09,-4.88,"$175,769,231",-18.85,"$7,216,289,706",-4.85
2025-06-30,$18.75,$18.81,$17.77,$18.32,$17.97,-4.19,"$216,588,158",34.03,"$7,584,303,265",-4.17
2025-06-29,$17.99,$18.84,$17.82,$18.35,$18.75,4.24,"$161,598,729",47.60,"$7,913,954,097",4.26
2025-06-28,$17.58,$18.06,$17.52,$17.78,$17.98,2.33,"$109,482,399",-32.39,"$7,590,733,192",2.41
2025-06-27,$17.24,$17.70,$17.13,$17.41,$17.56,1.89,"$161,930,672",-11.23,"$7,412,398,253",1.96
2025-06-26,$17.56,$17.96,$17.16,$17.48,$17.23,-1.90,"$182,424,303",-15.49,"$7,270,164,158",-1.81
2025-06-25,$18.23,$18.34,$17.46,$17.89,$17.55,-3.76,"$215,852,276",-26.45,"$7,404,366,312",-3.71
2025-06-24,$18.11,$18.47,$17.94,$18.19,$18.22,0.611,"$293,485,614",-29.29,"$7,689,345,489",0.706
2025-06-23,$16.52,$18.14,$16.33,$17.27,$18.09,9.55,"$415,079,618",21.13,"$7,635,418,414",9.63
2025-06-22,$16.74,$17.07,$15.73,$16.51,$16.50,-1.43,"$342,663,581",42.45,"$6,964,932,439",-0.637
2025-06-21,$17.37,$17.63,$16.55,$17.04,$16.61,-4.38,"$240,545,288",-0.665,"$7,009,605,809",-4.34
2025-06-20,$18.07,$18.38,$17.10,$17.73,$17.36,-3.90,"$242,156,655",-0.127,"$7,327,706,488",-3.95
2025-06-19,$18.17,$18.34,$17.67,$18.06,$18.08,-0.471,"$242,463,934",-3.37,"$7,629,161,255",-0.366
2025-06-18,$18.62,$18.85,$18.12,$18.43,$18.15,-2.53,"$250,912,003",-13.37,"$7,657,224,946",-2.68
2025-06-17,$19.09,$19.44,$18.18,$18.84,$18.65,-2.32,"$289,641,695",15.48,"$7,868,467,449",-2.89
2025-06-16,$19.11,$19.95,$18.96,$19.31,$19.21,0.488,"$250,814,825",79.29,"$8,102,561,699",0.449
2025-06-15,$18.96,$19.26,$18.79,$19.03,$19.12,0.869,"$139,890,494",-3.37,"$8,066,306,662",0.766
2025-06-14,$19.41,$19.41,$18.76,$19.14,$18.98,-2.21,"$144,770,934",-73.03,"$8,005,013,885",-2.14
2025-06-13,$20.28,$20.28,$18.58,$19.63,$19.39,-4.37,"$536,786,369",78.81,"$8,179,933,983",-4.79
2025-06-12,$21.57,$21.57,$20.23,$20.94,$20.37,-5.59,"$300,193,680",-18.55,"$8,591,775,837",-5.66
2025-06-11,$22.57,$22.67,$21.40,$22.06,$21.59,-4.33,"$368,540,314",-13.01,"$9,106,937,393",-4.13
2025-06-10,$21.96,$22.52,$21.56,$22.14,$22.52,2.57,"$423,673,070",31.04,"$9,499,106,836",2.47
2025-06-09,$21.06,$21.98,$20.25,$21.32,$21.98,4.38,"$323,321,639",33.08,"$9,269,728,642",4.30
2025-06-08,$20.68,$21.48,$20.18,$20.85,$21.07,1.90,"$242,957,632",17.10,"$8,887,183,221",1.91
2025-06-07,$19.69,$21.10,$19.61,$20.27,$20.68,5.00,"$207,487,004",-16.61,"$8,720,359,414",4.92
2025-06-06,$18.81,$19.90,$18.73,$19.29,$19.71,4.79,"$248,826,278",-32.63,"$8,311,481,384",4.95
2025-06-05,$20.15,$20.52,$18.55,$19.50,$18.78,-6.77,"$369,338,371",40.72,"$7,919,545,516",-6.88
2025-06-04,$21.15,$21.59,$20.14,$20.76,$20.17,-4.63,"$262,466,181",-4.91,"$8,504,237,274",-4.53
2025-06-03,$21.18,$21.69,$21.02,$21.25,$21.13,-0.228,"$276,029,457",3.64,"$8,908,135,593",-0.290
2025-06-02,$20.88,$21.26,$20.29,$20.90,$21.19,1.52,"$266,334,818",34.45,"$8,934,084,563",1.48
2025-06-01,$20.81,$20.94,$20.27,$20.73,$20.89,0.355,"$198,098,048",-39.20,"$8,803,732,907",0.362
2025-05-31,$20.56,$21.13,$19.86,$20.59,$20.81,1.24,"$325,822,892",-37.70,"$8,771,986,006",1.06
2025-05-30,$22.25,$22.32,$20.57,$21.44,$20.59,-7.46,"$522,957,687",11.78,"$8,680,367,064",-7.39
2025-05-29,$23.58,$24.28,$22.25,$23.09,$22.25,-5.64,"$467,828,777",60.08,"$9,372,914,944",-5.38
2025-05-28,$23.38,$23.75,$22.83,$23.37,$23.52,0.593,"$292,252,888",-13.58,"$9,906,177,434",0.645
2025-05-27,$23.06,$23.83,$22.59,$23.21,$23.37,1.33,"$338,181,879",28.79,"$9,842,705,762",1.23
2025-05-26,$23.44,$23.96,$22.94,$23.36,$23.09,-1.49,"$262,580,747",9.46,"$9,723,184,106",-1.34
2025-05-25,$22.96,$23.40,$22.09,$22.96,$23.40,1.94,"$239,897,602",-12.84,"$9,854,964,774",2.14
2025-05-24,$23.04,$23.44,$22.82,$23.05,$22.91,-0.550,"$275,228,431",-54.11,"$9,648,196,179",-0.466
2025-05-23,$25.25,$25.95,$22.99,$24.30,$23.02,-8.84,"$599,699,083",-4.92,"$9,693,360,902",-8.75
2025-05-22,$23.21,$25.34,$23.19,$24.24,$25.23,8.70,"$630,710,156",39.94,"$10,622,764,841",8.40
2025-05-21,$22.61,$23.76,$22.26,$22.98,$23.28,2.93,"$450,690,095",56.03,"$9,799,926,384",3.10
2025-05-20,$22.28,$22.78,$21.81,$22.36,$22.58,1.35,"$288,842,284",-3.91,"$9,505,002,945",1.38
2025-05-19,$23.04,$23.04,$21.33,$22.42,$22.28,-3.28,"$300,588,011",-15.98,"$9,375,499,622",-2.92
2025-05-18,$22.20,$23.80,$21.77,$22.68,$22.96,3.42,"$357,748,482",49.53,"$9,657,692,232",3.44
2025-05-17,$23.08,$23.09,$22.03,$22.60,$22.20,-3.82,"$239,243,301",-22.91,"$9,336,748,889",-3.47
2025-05-16,$23.41,$24.01,$22.82,$23.33,$23.09,-1.35,"$310,357,582",-38.88,"$9,672,181,859",-1.29
2025-05-15,$24.97,$25.08,$23.09,$24.13,$23.40,-6.28,"$507,801,478",27.00,"$9,798,238,945",-6.30
2025-05-14,$25.74,$26.46,$24.81,$25.50,$24.98,-2.97,"$399,838,571",-10.12,"$10,457,314,655",-2.96
2025-05-13,$24.85,$25.94,$23.56,$25.02,$25.75,3.62,"$444,859,789",-32.30,"$10,776,161,199",3.54
2025-05-12,$24.77,$26.67,$23.99,$25.08,$24.87,0.408,"$657,140,130",75.55,"$10,407,856,822",0.502
2025-05-11,$25.91,$25.91,$24.27,$25.21,$24.75,-4.47,"$374,326,746",-30.15,"$10,355,882,679",-4.52
2025-05-10,$23.24,$25.93,$23.11,$24.56,$25.93,11.57,"$535,866,783",0.565,"$10,845,997,734",11.68
2025-05-09,$22.07,$23.83,$21.97,$22.78,$23.23,5.24,"$532,858,724",30.73,"$9,711,486,978",5.34
2025-05-08,$19.54,$22.07,$19.51,$20.79,$22.05,12.87,"$407,593,702",97.94,"$9,218,757,836",12.90
2025-05-07,$20.02,$20.20,$19.14,$19.73,$19.54,-2.37,"$205,921,793",33.62,"$8,165,535,208",-2.65
2025-05-06,$19.70,$20.10,$19.33,$19.80,$20.08,1.93,"$154,108,388",-0.961,"$8,387,741,124",1.97
2025-05-05,$19.92,$20.22,$19.36,$19.80,$19.69,-1.13,"$155,604,276",15.63,"$8,225,860,882",-0.974
2025-05-04,$20.55,$20.60,$19.84,$20.22,$19.89,-3.23,"$134,567,643",4.52,"$8,306,803,922",-3.26
2025-05-03,$21.25,$21.27,$20.57,$20.91,$20.57,-3.21,"$128,748,126",-45.14,"$8,586,792,274",-3.11
2025-05-02,$21.66,$22.12,$21.02,$21.51,$21.24,-1.94,"$234,665,205",-10.43,"$8,862,780,774",-1.83
2025-05-01,$20.91,$21.85,$20.84,$21.31,$21.64,3.52,"$261,997,095",9.96,"$9,027,610,640",3.54
2025-04-30,$21.55,$21.89,$20.60,$21.24,$20.91,-2.98,"$238,256,923",12.90,"$8,719,109,638",-2.78
2025-04-29,$21.84,$22.25,$21.33,$21.74,$21.52,-1.44,"$211,034,179",-24.46,"$8,968,678,633",-1.45
2025-04-28,$21.74,$22.37,$21.12,$21.77,$21.85,0.523,"$279,370,197",68.67,"$9,100,606,733",0.563
2025-04-27,$22.43,$22.74,$21.70,$22.15,$21.74,-3.08,"$165,628,152",-20.85,"$9,049,660,823",-2.97
2025-04-26,$22.21,$22.87,$21.78,$22.32,$22.41,0.924,"$209,260,501",-20.30,"$9,326,214,722",0.907
2025-04-25,$22.37,$22.81,$21.84,$22.31,$22.21,-0.715,"$262,547,992",13.83,"$9,242,373,755",-0.631
2025-04-24,$22.31,$22.56,$21.69,$22.23,$22.35,0.203,"$230,653,652",-33.40,"$9,301,086,799",0.192
2025-04-23,$22.08,$23.01,$21.95,$22.34,$22.31,1.05,"$346,347,397",-2.24,"$9,283,269,703",1.07
2025-04-22,$19.92,$22.20,$19.55,$20.94,$22.08,10.81,"$354,285,795",41.12,"$9,185,418,097",10.94
2025-04-21,$19.50,$20.87,$19.50,$19.94,$19.90,2.06,"$251,052,907",127.44,"$8,279,523,996",2.15
2025-04-20,$19.91,$20.01,$19.26,$19.67,$19.48,-2.14,"$110,382,921",-15.84,"$8,105,463,423",-2.18
2025-04-19,$19.08,$20.32,$19.05,$19.59,$19.92,4.39,"$131,164,033",40.37,"$8,285,932,866",4.34
2025-04-18,$19.06,$19.31,$18.89,$19.09,$19.09,0.158,"$93,443,547",-38.84,"$7,941,428,116",0.171
2025-04-17,$18.77,$19.53,$18.74,$19.02,$19.06,1.52,"$152,789,971",-23.83,"$7,927,837,271",1.62
2025-04-16,$19.02,$19.22,$18.60,$18.90,$18.75,-1.42,"$200,579,857",-6.72,"$7,801,658,009",-1.43
2025-04-15,$20.08,$20.23,$19.00,$19.58,$19.03,-5.27,"$215,041,337",-37.53,"$7,914,941,630",-5.26
2025-04-14,$19.57,$20.58,$19.57,$19.96,$20.09,2.65,"$344,207,779",57.91,"$8,354,805,407",2.83
2025-04-13,$20.48,$20.62,$19.40,$20.01,$19.54,-4.58,"$217,982,423",-19.64,"$8,124,495,008",-4.54
2025-04-12,$19.16,$20.95,$18.89,$19.86,$20.47,6.85,"$271,271,590",1.14,"$8,511,227,704",7.03
2025-04-11,$18.33,$19.49,$18.33,$18.82,$19.13,4.35,"$268,217,599",18.27,"$7,952,451,141",4.43
2025-04-10,$18.43,$18.43,$17.64,$18.21,$18.32,-0.622,"$226,778,001",-54.57,"$7,615,385,755",-0.664
2025-04-09,$16.11,$18.75,$15.67,$17.24,$18.44,14.48,"$499,203,007",78.89,"$7,666,307,682",14.52
2025-04-08,$16.71,$17.65,$15.98,$16.61,$16.11,-3.61,"$279,055,942",-54.36,"$6,694,577,077",-3.59
2025-04-07,$16.00,$17.10,$14.72,$16.13,$16.71,4.48,"$611,379,391",126.55,"$6,943,986,596",4.49
2025-04-06,$17.89,$17.89,$15.68,$16.87,$16.00,-10.56,"$269,868,048",186.77,"$6,645,721,983",-10.51
2025-04-05,$18.18,$18.35,$17.74,$18.04,$17.88,-1.66,"$94,105,184",-64.10,"$7,426,114,096",-1.67
2025-04-04,$18.15,$18.75,$17.69,$18.19,$18.19,0.176,"$262,160,665",3.36,"$7,551,859,687",0.273
2025-04-03,$17.99,$18.96,$17.70,$18.20,$18.15,0.870,"$253,628,188",-34.92,"$7,531,328,273",0.866
2025-04-02,$19.83,$19.83,$17.87,$18.88,$18.00,-9.24,"$389,705,741",69.33,"$7,466,701,694",-9.23
2025-04-01,$18.76,$19.91,$18.75,$19.31,$19.83,5.67,"$230,147,488",15.59,"$8,226,071,802",5.68
2025-03-31,$18.85,$19.09,$18.23,$18.73,$18.76,-0.472,"$199,101,534",14.47,"$7,784,284,378",-0.361
2025-03-30,$19.68,$19.87,$18.77,$19.29,$18.83,-4.30,"$173,931,340",-4.94,"$7,812,516,812",-4.28
2025-03-29,$20.38,$20.52,$19.52,$20.02,$19.67,-3.47,"$182,971,591",-29.38,"$8,161,744,538",-3.51
2025-03-28,$22.00,$22.15,$19.82,$21.09,$20.39,-7.31,"$259,091,100",45.11,"$8,459,059,027",-7.27
2025-03-27,$22.03,$22.31,$21.70,$22.01,$21.99,-0.198,"$178,543,302",-21.53,"$9,122,001,616",-0.426
2025-03-26,$22.91,$23.19,$21.88,$22.52,$22.09,-3.60,"$227,539,249",-23.87,"$9,161,070,196",-3.47
2025-03-25,$21.46,$23.40,$21.34,$22.27,$22.88,6.60,"$298,868,237",-30.31,"$9,490,467,879",6.74
2025-03-24,$19.81,$22.05,$19.81,$20.78,$21.44,8.19,"$428,861,957",263.38,"$8,890,824,613",8.34
2025-03-23,$19.45,$19.79,$19.38,$19.60,$19.79,1.74,"$118,018,939",-0.500,"$8,206,244,296",1.81
2025-03-22,$19.17,$19.73,$19.14,$19.37,$19.43,1.40,"$118,612,077",-23.45,"$8,060,273,804",1.50
2025-03-21,$18.75,$19.41,$18.42,$18.93,$19.15,2.14,"$154,952,748",-19.42,"$7,941,050,703",2.33
2025-03-20,$19.77,$19.82,$18.45,$19.19,$18.72,-5.29,"$192,305,114",-39.25,"$7,760,509,903",-5.28
2025-03-19,$19.00,$19.96,$18.87,$19.40,$19.77,4.05,"$316,553,397",48.80,"$8,192,947,878",4.05
2025-03-18,$18.85,$19.23,$18.39,$18.87,$19.00,0.790,"$212,734,163",-1.63,"$7,874,107,914",0.770
2025-03-17,$18.28,$19.05,$18.24,$18.61,$18.85,3.12,"$216,262,325",9.97,"$7,813,921,803",3.01
2025-03-16,$19.38,$19.79,$18.17,$18.91,$18.31,-5.52,"$196,652,353",-12.28,"$7,585,546,700",-5.73
2025-03-15,$18.58,$19.42,$18.42,$18.96,$19.42,4.51,"$224,177,446",-6.26,"$8,046,632,875",4.51
2025-03-14,$18.49,$19.24,$18.49,$18.70,$18.58,0.476,"$239,157,382",-19.55,"$7,699,673,814",0.436
2025-03-13,$18.94,$19.25,$17.79,$18.62,$18.50,-2.30,"$297,271,933",-16.40,"$7,666,233,395",-1.86
2025-03-12,$17.51,$18.91,$16.98,$18.06,$18.85,7.69,"$355,580,894",-38.54,"$7,811,513,795",7.82
2025-03-11,$16.33,$17.85,$15.45,$16.78,$17.49,7.05,"$578,513,104",33.82,"$7,244,701,248",6.76
2025-03-10,$17.90,$18.92,$16.29,$17.37,$16.38,-8.46,"$432,318,042",71.73,"$6,785,696,880",-8.45
2025-03-09,$20.48,$20.65,$17.84,$19.22,$17.89,-12.60,"$251,746,194",-1.22,"$7,411,801,712",-12.53
2025-03-08,$20.07,$20.93,$19.48,$20.23,$20.46,1.93,"$254,858,395",-45.44,"$8,473,248,516",1.83
2025-03-07,$21.01,$21.14,$19.82,$20.52,$20.09,-4.39,"$467,119,054",16.26,"$8,321,134,843",-4.77
2025-03-06,$21.79,$22.45,$20.97,$21.58,$21.10,-3.16,"$401,780,234",-14.32,"$8,738,287,335",-3.19
2025-03-05,$20.02,$22.38,$19.76,$20.99,$21.80,8.89,"$468,917,412",-28.96,"$9,026,190,203",8.86
2025-03-04,$21.00,$21.04,$19.10,$20.29,$20.02,-4.65,"$660,101,646",34.64,"$8,291,526,046",-4.70
2025-03-03,$24.88,$25.05,$20.78,$22.93,$21.01,-15.56,"$490,269,467",-32.92,"$8,700,010,104",-15.54
2025-03-02,$21.84,$24.91,$21.65,$23.32,$24.88,13.90,"$730,852,697",235.89,"$10,300,964,508",13.91
2025-03-01,$22.33,$22.42,$21.09,$21.92,$21.84,-2.20,"$217,585,568",-67.13,"$9,043,245,035",-2.26
2025-02-28,$22.49,$22.55,$20.30,$21.92,$22.34,-0.634,"$661,958,276",106.22,"$9,251,999,291",-0.629
2025-02-27,$21.84,$23.32,$21.68,$22.33,$22.49,2.98,"$320,996,758",-30.27,"$9,310,538,094",3.29
2025-02-26,$21.94,$22.41,$21.13,$21.81,$21.77,-0.775,"$460,321,937",-47.38,"$9,013,605,738",-0.851
2025-02-25,$21.85,$22.26,$20.44,$21.63,$21.96,0.483,"$874,863,431",86.41,"$9,090,965,172",0.445
2025-02-24,$24.87,$25.12,$21.86,$23.43,$21.86,-12.09,"$469,321,569",127.32,"$9,050,648,052",-11.85
2025-02-23,$25.79,$25.88,$24.45,$25.23,$24.80,-3.86,"$206,460,595",-40.11,"$10,266,812,468",-3.79
2025-02-22,$24.52,$26.31,$24.47,$25.27,$25.78,5.13,"$344,751,541",-31.07,"$10,671,400,347",4.98
2025-02-21,$25.18,$26.43,$23.84,$25.00,$24.56,-2.47,"$500,148,718",86.34,"$10,164,762,860",-2.48
2025-02-20,$23.74,$25.30,$23.74,$24.49,$25.18,6.07,"$268,411,461",41.90,"$10,422,984,386",6.17
2025-02-19,$23.49,$23.99,$23.11,$23.58,$23.73,1.02,"$189,153,103",-24.03,"$9,817,016,726",1.09
2025-02-18,$25.01,$25.06,$22.98,$24.13,$23.47,-6.16,"$248,997,880",11.90,"$9,710,881,450",-6.06
2025-02-17,$24.83,$25.90,$24.53,$25.06,$24.99,0.619,"$222,517,899",74.35,"$10,337,758,186",0.622
2025-02-16,$25.49,$25.56,$24.80,$25.17,$24.84,-2.58,"$127,623,532",7.24,"$10,273,886,586",-2.18
2025-02-15,$26.38,$26.93,$25.43,$26.06,$25.49,-3.37,"$119,003,047",-47.69,"$10,502,607,901",-3.36
2025-02-14,$25.43,$27.17,$25.35,$26.08,$26.38,3.76,"$227,501,417",20.90,"$10,867,952,284",3.74
2025-02-13,$26.49,$26.55,$25.17,$25.91,$25.43,-3.99,"$188,173,108",-39.37,"$10,476,051,437",-3.96
2025-02-12,$25.39,$27.00,$24.47,$25.84,$26.48,4.29,"$310,353,983",34.25,"$10,908,120,404",4.34
2025-02-11,$25.63,$26.95,$24.95,$25.73,$25.38,-0.959,"$231,180,281",0.746,"$10,454,872,773",-0.828
2025-02-10,$24.87,$25.84,$23.95,$25.07,$25.60,2.92,"$229,467,460",14.04,"$10,542,169,335",2.94
2025-02-09,$24.60,$25.45,$23.80,$24.68,$24.87,1.09,"$201,208,018",42.05,"$10,241,242,869",1.10
2025-02-08,$24.41,$24.77,$23.97,$24.44,$24.60,0.758,"$141,645,720",-50.13,"$10,130,021,531",0.827
2025-02-07,$24.52,$26.13,$23.78,$24.71,$24.40,-0.506,"$284,021,127",20.23,"$10,046,938,236",-0.224
2025-02-06,$25.90,$26.78,$24.40,$25.38,$24.45,-5.57,"$236,233,550",-2.58,"$10,069,510,931",-5.54
2025-02-05,$26.53,$27.32,$25.73,$26.37,$25.89,-2.42,"$242,492,744",-48.86,"$10,660,464,526",-2.38
2025-02-04,$28.45,$28.57,$25.63,$27.29,$26.52,-6.78,"$474,197,123",-68.14,"$10,919,873,467",-6.70
2025-02-03,$27.52,$28.72,$22.41,$26.77,$28.43,3.28,"$1,488,476,166",144.34,"$11,704,584,517",3.78
2025-02-02,$32.25,$32.54,$26.53,$29.68,$27.39,-15.06,"$609,181,123",190.73,"$11,278,631,832",-15.25
2025-02-01,$34.36,$35.04,$31.94,$33.41,$32.32,-5.92,"$209,536,924",-24.74,"$13,307,830,555",-5.88
2025-01-31,$34.35,$36.07,$33.86,$34.66,$34.34,-0.0161,"$278,416,644",30.96,"$14,139,047,284",-0.0643
2025-01-30,$32.82,$34.60,$32.53,$33.58,$34.37,4.72,"$212,591,487",-25.50,"$14,148,148,540",4.66
2025-01-29,$32.18,$33.70,$31.99,$32.68,$32.84,2.04,"$285,342,032",18.61,"$13,518,308,989",1.99
2025-01-28,$34.19,$34.46,$31.90,$33.19,$32.20,-5.81,"$240,576,064",-54.41,"$13,255,057,107",-5.73
2025-01-27,$35.91,$35.91,$32.93,$34.73,$34.16,-4.86,"$527,682,090",108.27,"$14,060,778,081",-4.91
2025-01-26,$36.62,$38.09,$35.93,$36.64,$35.93,-1.90,"$253,363,589",-53.06,"$14,787,431,150",-1.99
2025-01-25,$35.29,$37.18,$35.01,$36.04,$36.66,3.86,"$539,740,016",19.09,"$15,087,552,616",3.87
2025-01-24,$35.59,$36.75,$34.68,$35.58,$35.29,-0.846,"$453,227,289",39.45,"$14,525,029,340",-0.859
2025-01-23,$36.74,$36.87,$34.77,$35.99,$35.60,-3.11,"$325,018,460",58.66,"$14,650,840,056",-3.13
2025-01-22,$36.89,$37.69,$36.62,$36.98,$36.75,-0.379,"$204,854,514",-43.02,"$15,124,814,715",-0.362
2025-01-21,$35.93,$37.52,$34.66,$36.25,$36.89,2.68,"$359,509,938",-55.84,"$15,179,720,634",2.51
2025-01-20,$35.67,$39.10,$34.64,$36.35,$35.99,0.892,"$814,018,868",33.50,"$14,807,715,286",0.722
2025-01-19,$39.20,$40.35,$35.26,$37.64,$35.73,-8.85,"$609,756,208",75.89,"$14,701,544,707",-9.12
2025-01-18,$41.44,$41.63,$38.54,$40.23,$39.32,-5.11,"$346,678,077",17.82,"$16,177,651,056",-5.23
2025-01-17,$40.08,$41.80,$40.08,$40.86,$41.49,3.52,"$294,233,093",-15.65,"$17,069,956,265",3.68
2025-01-16,$39.91,$40.40,$38.41,$39.68,$40.02,0.281,"$348,829,442",-2.08,"$16,463,835,926",0.372
2025-01-15,$36.52,$39.87,$36.31,$38.15,$39.87,9.17,"$356,249,183",77.63,"$16,402,878,022",9.30
2025-01-14,$35.25,$36.63,$35.07,$35.86,$36.48,3.49,"$200,551,583",-50.04,"$15,007,425,729",3.49
2025-01-13,$36.51,$37.27,$33.24,$35.57,$35.26,-3.44,"$401,447,192",218.47,"$14,501,466,765",-3.30
2025-01-12,$37.12,$37.42,$36.17,$36.81,$36.51,-1.65,"$126,056,735",-10.38,"$14,997,042,720",-1.67
2025-01-11,$36.74,$37.67,$36.06,$36.90,$37.13,1.07,"$140,657,110",-52.20,"$15,252,291,683",1.14
2025-01-10,$36.27,$37.80,$36.01,$36.70,$36.71,1.22,"$294,279,213",1.54,"$15,080,514,101",1.50
2025-01-09,$37.35,$37.79,$35.67,$36.75,$36.18,-3.12,"$289,828,374",-32.65,"$14,857,244,672",-3.52
2025-01-08,$39.33,$39.86,$36.44,$38.28,$37.51,-4.63,"$430,324,064",-4.20,"$15,399,743,900",-4.58
2025-01-07,$44.02,$44.51,$39.34,$41.80,$39.34,-10.63,"$449,167,860",6.26,"$16,138,437,486",-10.63
2025-01-06,$43.06,$44.98,$42.10,$43.54,$44.02,2.22,"$422,726,224",92.63,"$18,057,783,980",2.26
2025-01-05,$42.67,$43.10,$41.32,$42.53,$43.05,0.900,"$219,445,762",-17.72,"$17,659,042,860",0.857
2025-01-04,$41.88,$42.81,$41.02,$42.10,$42.68,1.93,"$266,705,305",-28.29,"$17,509,033,468",2.09
2025-01-03,$39.24,$42.10,$38.92,$40.52,$41.82,6.57,"$371,911,705",13.42,"$17,150,606,597",6.57
2025-01-02,$37.81,$40.45,$37.80,$38.83,$39.24,3.79,"$327,920,347",66.21,"$16,092,679,434",4.34
2025-01-01,$35.67,$37.85,$34.95,$36.52,$37.63,5.48,"$197,290,835",-8.06,"$15,423,167,613",5.51
2024-12-31,$35.88,$37.11,$34.94,$35.90,$35.66,-0.621,"$214,590,131",-35.94,"$14,617,124,068",-0.511
2024-12-30,$35.84,$37.07,$34.93,$35.92,$35.84,0.014,"$335,006,613",89.74,"$14,692,196,436",-0.0442
2024-12-29,$37.67,$37.67,$35.52,$36.68,$35.86,-4.81,"$176,556,474",-2.23,"$14,698,698,954",-4.75
2024-12-28,$36.52,$38.00,$36.34,$37.13,$37.65,3.09,"$180,579,432",-34.18,"$15,432,288,553",3.30
2024-12-27,$37.35,$38.91,$36.34,$37.26,$36.45,-2.42,"$274,349,068",-10.43,"$14,938,943,043",-2.26
2024-12-26,$40.25,$40.60,$37.03,$38.79,$37.29,-7.35,"$306,281,015",36.00,"$15,285,133,082",-7.35
2024-12-25,$41.22,$41.64,$39.89,$40.75,$40.25,-2.36,"$225,208,595",-44.25,"$16,496,982,178",-2.36
2024-12-24,$39.00,$41.74,$37.81,$39.94,$41.22,5.69,"$403,951,174",-18.37,"$16,894,936,983",5.82
2024-12-23,$36.55,$39.39,$35.75,$37.66,$38.96,6.58,"$494,875,772",53.63,"$15,965,720,592",6.48
2024-12-22,$37.34,$38.41,$35.65,$37.00,$36.59,-2.03,"$322,115,357",-20.68,"$14,994,710,565",-2.00
2024-12-21,$39.74,$42.24,$37.11,$39.11,$37.33,-6.06,"$406,080,365",-53.43,"$15,300,611,639",-6.00
2024-12-20,$39.02,$40.23,$33.72,$38.17,$39.72,1.79,"$872,014,169",7.11,"$16,277,700,079",1.64
2024-12-19,$42.79,$43.49,$37.73,$40.77,$39.08,-8.66,"$814,135,776",20.76,"$16,014,931,609",-8.60
2024-12-18,$47.90,$48.18,$42.76,$45.40,$42.76,-10.73,"$674,186,306",55.26,"$17,522,183,125",-10.74
2024-12-17,$49.05,$50.67,$47.69,$48.83,$47.90,-2.34,"$434,229,688",-15.71,"$19,629,939,076",-2.38
2024-12-16,$51.10,$51.88,$48.48,$50.13,$49.07,-3.96,"$515,182,550",13.33,"$20,108,172,248",-4.18
2024-12-15,$49.82,$51.22,$48.27,$50.13,$51.22,2.81,"$454,597,952",6.12,"$20,984,265,575",2.79
2024-12-14,$52.44,$53.71,$49.54,$51.38,$49.83,-4.98,"$428,384,729",-24.72,"$20,415,190,967",-4.92
2024-12-13,$52.90,$53.78,$50.97,$52.52,$52.41,-0.937,"$569,038,220",-50.41,"$21,470,596,431",-0.916
2024-12-12,$48.32,$55.11,$48.32,$51.16,$52.89,9.47,"$1,147,511,718",113.58,"$21,669,085,865",9.48
2024-12-11,$44.60,$48.31,$42.95,$46.04,$48.31,8.31,"$537,270,604",-40.68,"$19,792,407,098",8.42
2024-12-10,$45.16,$46.38,$41.59,$44.43,$44.59,-1.27,"$905,691,603",-18.50,"$18,255,929,993",-1.30
2024-12-09,$54.04,$54.14,$42.65,$49.00,$45.18,-16.40,"$1,111,222,297",114.63,"$18,496,519,516",-16.38
2024-12-08,$51.63,$54.29,$50.55,$52.63,$54.03,4.64,"$517,733,119",44.78,"$22,118,772,557",4.34
2024-12-07,$52.55,$52.97,$51.36,$52.16,$51.79,-1.45,"$357,602,038",-45.38,"$21,199,011,739",-1.55
2024-12-06,$50.40,$53.35,$50.03,$51.60,$52.60,4.36,"$654,763,663",-25.63,"$21,532,695,508",4.30
2024-12-05,$52.69,$53.44,$50.03,$51.65,$50.43,-4.29,"$880,454,792",-26.38,"$20,644,897,460",-4.40
2024-12-04,$51.26,$55.45,$51.04,$52.63,$52.76,2.92,"$1,196,016,447",-14.49,"$21,595,423,747",2.79
2024-12-03,$52.17,$53.35,$48.77,$51.40,$51.33,-1.62,"$1,398,612,370",-28.34,"$21,008,587,307",-1.59
2024-12-02,$45.13,$52.16,$45.13,$48.64,$52.16,15.58,"$1,951,618,180",349.80,"$21,349,061,715",15.26
2024-12-01,$44.93,$45.64,$43.90,$44.93,$45.26,0.720,"$433,881,476",1.74,"$18,523,276,511",0.658
2024-11-30,$44.83,$45.99,$43.84,$44.91,$44.96,0.304,"$426,446,431",-6.87,"$18,402,196,624",0.0464
2024-11-29,$42.90,$45.04,$42.63,$43.88,$44.94,4.76,"$457,898,352",6.74,"$18,393,671,080",4.76
2024-11-28,$43.79,$44.09,$41.70,$43.12,$42.90,-2.03,"$428,985,154",-42.62,"$17,558,514,197",-2.36
2024-11-27,$42.65,$44.34,$42.13,$43.26,$43.94,3.03,"$747,618,522",-19.31,"$17,982,675,247",3.08
2024-11-26,$41.37,$43.17,$38.73,$41.48,$42.63,3.03,"$926,556,987",-26.46,"$17,445,658,294",3.03
2024-11-25,$42.08,$47.49,$40.31,$42.82,$41.38,-1.68,"$1,260,009,965",35.30,"$16,932,148,071",-1.78
2024-11-24,$41.45,$42.94,$38.85,$41.34,$42.13,1.64,"$931,253,131",-27.83,"$17,238,316,051",1.87
2024-11-23,$43.16,$44.88,$40.95,$42.59,$41.36,-4.17,"$1,290,285,803",3.32,"$16,922,687,811",-4.12
2024-11-22,$35.81,$43.29,$35.26,$39.38,$43.14,20.46,"$1,248,802,156",112.34,"$17,649,207,604",20.42
2024-11-21,$33.56,$36.10,$32.47,$34.49,$35.83,6.75,"$588,123,105",21.77,"$14,656,008,504",6.88
2024-11-20,$34.25,$35.66,$32.87,$34.11,$33.67,-1.69,"$482,990,004",15.42,"$13,713,076,953",-1.94
2024-11-19,$35.44,$35.60,$33.66,$34.76,$34.34,-3.12,"$418,472,786",-24.77,"$13,984,108,239",-3.14
2024-11-18,$34.72,$36.04,$34.27,$35.12,$35.45,2.11,"$556,265,141",-24.67,"$14,437,775,971",2.15
2024-11-17,$35.17,$37.13,$33.44,$35.11,$34.70,-1.32,"$738,418,900",38.63,"$14,134,027,498",-1.24
2024-11-16,$33.06,$35.48,$32.90,$34.14,$35.14,6.29,"$532,644,986",31.21,"$14,311,166,197",6.31
2024-11-15,$31.19,$33.24,$30.65,$32.03,$33.05,5.97,"$405,957,869",-25.69,"$13,462,204,504",5.99
2024-11-14,$33.13,$34.62,$30.80,$32.43,$31.18,-5.87,"$546,338,166",-46.31,"$12,700,995,959",-5.93
2024-11-13,$34.12,$34.97,$31.38,$33.40,$33.15,-2.84,"$1,017,611,429",-19.98,"$13,500,965,933",-3.07
2024-11-12,$35.71,$37.56,$33.08,$35.14,$34.20,-4.22,"$1,271,669,422",39.59,"$13,929,164,215",-3.95
2024-11-11,$31.90,$35.61,$30.98,$33.52,$35.61,11.61,"$911,015,137",19.33,"$14,501,310,092",11.49
2024-11-10,$30.39,$33.15,$29.79,$31.32,$31.94,5.09,"$763,454,154",135.10,"$13,007,386,599",5.41
2024-11-09,$28.71,$30.30,$28.64,$29.49,$30.30,5.55,"$324,734,900",8.26,"$12,339,943,278",5.74
2024-11-08,$27.39,$28.66,$27.22,$27.98,$28.66,4.63,"$299,967,718",8.89,"$11,670,077,137",4.63
2024-11-07,$27.02,$27.96,$26.66,$27.26,$27.39,1.37,"$275,480,098",-42.99,"$11,153,545,064",1.36
2024-11-06,$23.99,$27.21,$23.99,$25.55,$27.03,12.64,"$483,178,087",158.54,"$11,003,707,057",12.58
2024-11-05,$22.70,$24.37,$22.64,$23.43,$24.01,5.75,"$186,887,847",-0.717,"$9,774,094,237",5.77
2024-11-04,$23.58,$23.88,$22.46,$23.15,$22.70,-3.75,"$188,238,076",-7.93,"$9,241,090,520",-3.78
2024-11-03,$24.09,$24.18,$22.67,$23.63,$23.59,-2.09,"$204,447,782",114.04,"$9,604,326,499",-2.08
2024-11-02,$24.80,$24.99,$24.00,$24.47,$24.09,-2.84,"$95,516,272",-48.18,"$9,808,545,509",-2.86
2024-11-01,$25.01,$25.66,$24.44,$24.98,$24.80,-0.842,"$184,336,038",12.87,"$10,096,963,858",-0.980
2024-10-31,$26.21,$26.21,$24.75,$25.55,$25.05,-4.43,"$163,313,125",-9.54,"$10,196,907,677",-4.47
2024-10-30,$26.84,$26.87,$26.05,$26.49,$26.22,-2.30,"$180,537,872",-5.95,"$10,673,704,784",-2.27
2024-10-29,$26.26,$27.11,$26.20,$26.60,$26.83,2.18,"$191,955,137",2.77,"$10,921,722,114",2.10
2024-10-28,$25.71,$26.47,$25.08,$25.88,$26.28,2.18,"$186,784,139",122.74,"$10,696,688,950",2.19
2024-10-27,$25.38,$25.86,$25.25,$25.55,$25.72,1.32,"$83,857,608",-41.09,"$10,467,596,267",1.33
2024-10-26,$24.79,$25.62,$24.64,$25.11,$25.38,2.38,"$142,338,698",-47.57,"$10,330,074,312",2.88
2024-10-25,$26.83,$26.83,$24.53,$25.72,$24.67,-8.05,"$271,493,294",74.16,"$10,040,927,618",-8.03
2024-10-24,$26.69,$27.18,$26.42,$26.78,$26.83,0.504,"$155,887,113",-20.80,"$10,917,578,353",0.266
2024-10-23,$27.61,$27.66,$25.97,$27.00,$26.76,-3.09,"$196,828,397",4.08,"$10,888,589,019",-3.02
2024-10-22,$27.76,$28.18,$27.32,$27.71,$27.59,-0.616,"$189,114,976",-6.79,"$11,227,890,819",-0.665
2024-10-21,$28.93,$29.25,$27.44,$28.35,$27.77,-4.01,"$202,896,291",61.53,"$11,302,999,647",-3.80
2024-10-20,$28.10,$28.95,$27.78,$28.43,$28.88,2.76,"$125,610,188",31.09,"$11,749,483,282",2.82
2024-10-19,$28.11,$28.41,$27.76,$28.09,$28.09,-0.0699,"$95,819,644",-29.62,"$11,427,704,786",-0.037
2024-10-18,$27.26,$28.11,$27.14,$27.65,$28.10,3.08,"$136,147,737",-26.79,"$11,431,937,968",3.09
2024-10-17,$28.02,$28.21,$26.91,$27.60,$27.25,-2.73,"$185,967,624",-26.64,"$11,088,994,622",-2.57
2024-10-16,$28.15,$28.16,$27.29,$27.90,$27.99,-0.560,"$253,484,726",-37.76,"$11,381,927,964",-0.681
2024-10-15,$29.08,$29.46,$27.80,$28.63,$28.18,-3.07,"$407,242,212",37.85,"$11,459,950,659",-3.32
2024-10-14,$29.16,$29.79,$28.72,$29.21,$29.15,-0.0328,"$295,415,916",22.30,"$11,853,955,316",-0.0703
2024-10-13,$28.65,$29.31,$28.37,$28.87,$29.17,1.84,"$241,558,332",-21.48,"$11,862,298,962",1.83
2024-10-12,$27.44,$29.33,$27.44,$28.21,$28.65,4.42,"$307,656,971",37.42,"$11,648,977,354",4.61
2024-10-11,$25.84,$27.53,$25.76,$26.63,$27.39,5.97,"$223,884,949",0.156,"$11,135,464,010",5.98
2024-10-10,$25.75,$26.29,$25.09,$25.74,$25.84,0.352,"$223,535,928",-4.46,"$10,507,630,502",0.163
2024-10-09,$26.34,$26.63,$25.76,$26.13,$25.80,-2.03,"$233,979,730",-1.15,"$10,490,549,000",-2.10
2024-10-08,$26.61,$27.12,$26.13,$26.56,$26.36,-0.945,"$236,696,498",-17.33,"$10,715,533,754",-1.00
2024-10-07,$26.93,$27.60,$26.58,$26.94,$26.63,-1.12,"$286,299,018",44.16,"$10,823,820,161",-1.08
2024-10-06,$25.66,$27.07,$25.54,$26.30,$26.92,4.90,"$198,604,430",23.36,"$10,942,193,514",4.72
2024-10-05,$26.24,$26.38,$25.15,$25.87,$25.71,-2.04,"$160,999,331",-42.16,"$10,448,643,087",-1.98
2024-10-04,$24.64,$26.47,$24.48,$25.45,$26.23,6.43,"$278,331,899",-19.96,"$10,659,433,804",6.37
2024-10-03,$25.41,$25.62,$24.01,$24.92,$24.66,-2.97,"$347,760,718",6.33,"$10,021,201,012",-2.97
2024-10-02,$25.83,$26.73,$25.14,$25.78,$25.41,-1.60,"$327,069,105",-35.25,"$10,328,242,138",-1.88
2024-10-01,$27.72,$28.87,$25.49,$26.99,$25.90,-6.55,"$505,113,833",57.42,"$10,526,135,656",-6.44
2024-09-30,$29.07,$29.07,$27.64,$28.37,$27.69,-4.75,"$320,866,768",40.05,"$11,250,426,572",-4.81
2024-09-29,$29.32,$29.43,$28.34,$29.05,$29.11,-0.712,"$229,116,647",2.05,"$11,819,193,873",-0.760
2024-09-28,$30.45,$30.70,$29.11,$29.90,$29.33,-3.67,"$224,507,338",-38.45,"$11,909,725,114",-3.66
2024-09-27,$29.19,$30.74,$28.97,$29.84,$30.45,4.31,"$364,743,908",-11.08,"$12,362,274,432",4.47
2024-09-26,$27.27,$29.37,$27.01,$28.20,$29.14,6.86,"$410,171,446",29.09,"$11,833,396,653",6.98
2024-09-25,$28.46,$28.46,$27.20,$27.84,$27.24,-4.27,"$317,750,486",11.77,"$11,061,523,133",-4.05
2024-09-24,$27.40,$28.40,$26.91,$27.78,$28.40,3.62,"$284,296,849",-4.86,"$11,528,977,401",3.57
2024-09-23,$27.33,$28.11,$26.72,$27.39,$27.42,0.319,"$298,807,169",65.98,"$11,131,815,629",0.266
2024-09-22,$27.88,$27.88,$26.54,$27.41,$27.35,-1.91,"$180,031,328",3.95,"$11,102,327,388",-2.06
2024-09-21,$27.64,$28.03,$27.07,$27.67,$27.92,1.03,"$173,193,670",-60.50,"$11,336,090,414",1.59
2024-09-20,$26.69,$28.60,$26.53,$27.33,$27.49,2.97,"$438,410,800",14.62,"$11,158,633,764",3.18
2024-09-19,$24.47,$26.70,$24.47,$25.57,$26.64,8.86,"$382,492,622",64.02,"$10,815,064,700",8.89
2024-09-18,$23.77,$24.47,$22.88,$23.90,$24.47,2.93,"$233,203,382",27.10,"$9,932,185,969",2.97
2024-09-17,$23.53,$24.43,$23.21,$23.73,$23.77,0.989,"$183,477,540",-2.89,"$9,645,491,144",0.870
2024-09-16,$23.84,$24.22,$23.28,$23.73,$23.56,-1.19,"$188,932,159",22.98,"$9,562,265,654",-1.17
2024-09-15,$25.35,$25.36,$23.83,$24.59,$23.84,-5.94,"$153,628,163",3.63,"$9,675,866,206",-5.89
2024-09-14,$24.94,$25.64,$24.65,$25.14,$25.34,1.58,"$148,252,982",-31.09,"$10,281,195,346",1.59
2024-09-13,$24.02,$25.10,$23.70,$24.44,$24.94,3.81,"$215,139,133",33.41,"$10,119,938,221",3.99
2024-09-12,$23.34,$24.03,$23.30,$23.67,$24.01,2.88,"$161,260,988",-13.52,"$9,732,024,077",2.87
2024-09-11,$24.36,$24.48,$22.96,$23.78,$23.34,-4.17,"$186,464,948",8.15,"$9,460,780,787",-4.14
2024-09-10,$23.87,$24.53,$23.62,$24.09,$24.35,2.04,"$172,414,934",-27.75,"$9,869,651,002",1.86
2024-09-09,$23.28,$24.29,$23.23,$23.68,$23.91,2.68,"$238,647,089",21.79,"$9,689,073,447",2.93
2024-09-08,$21.80,$23.46,$21.76,$22.56,$23.23,6.56,"$195,948,118",72.17,"$9,413,058,738",6.58
2024-09-07,$21.19,$21.98,$21.10,$21.52,$21.79,2.85,"$113,807,964",-55.16,"$8,831,880,637",3.07
2024-09-06,$21.39,$22.10,$20.60,$21.31,$21.14,-1.13,"$253,809,987",97.23,"$8,568,995,024",-1.13
2024-09-05,$21.90,$22.17,$21.29,$21.69,$21.39,-2.36,"$128,687,959",-30.93,"$8,666,654,551",-2.26
2024-09-04,$21.42,$22.25,$20.77,$21.58,$21.88,2.16,"$186,325,836",36.69,"$8,867,338,706",2.04
2024-09-03,$22.37,$22.70,$21.45,$21.99,$21.45,-4.11,"$136,314,066",-9.72,"$8,690,025,050",-4.06
2024-09-02,$21.48,$22.53,$21.44,$21.95,$22.37,4.14,"$150,986,816",-18.29,"$9,057,530,198",4.12
2024-09-01,$22.83,$22.84,$21.32,$22.12,$21.48,-5.89,"$184,788,049",94.16,"$8,699,458,582",-5.88
2024-08-31,$23.31,$23.36,$22.57,$23.02,$22.83,-2.07,"$95,172,838",-53.28,"$9,242,889,442",-2.10
2024-08-30,$22.91,$23.60,$22.34,$23.04,$23.32,1.79,"$203,711,092",-10.94,"$9,441,299,473",1.81
2024-08-29,$23.50,$24.60,$22.87,$23.47,$22.90,-2.52,"$228,728,965",-18.88,"$9,273,363,882",-2.76
2024-08-28,$24.14,$24.79,$23.30,$23.95,$23.55,-2.44,"$281,964,045",6.12,"$9,536,247,405",-2.56
2024-08-27,$26.00,$26.75,$23.87,$25.20,$24.17,-7.04,"$265,702,963",4.06,"$9,786,757,425",-6.87
2024-08-26,$27.00,$27.15,$25.96,$26.52,$25.96,-3.85,"$255,345,283",-1.39,"$10,508,879,706",-4.02
2024-08-25,$27.12,$27.64,$26.23,$27.01,$27.05,-0.262,"$258,937,646",-10.97,"$10,949,143,120",-0.246
2024-08-24,$26.56,$27.92,$26.26,$26.96,$27.11,2.09,"$290,845,164",-28.26,"$10,976,128,542",1.95
2024-08-23,$25.25,$26.89,$25.25,$25.99,$26.60,5.33,"$405,431,889",41.42,"$10,765,746,904",5.43
2024-08-22,$23.54,$25.23,$23.17,$24.29,$25.23,7.14,"$286,686,577",16.74,"$10,210,842,776",7.25
2024-08-21,$22.30,$23.78,$22.30,$22.97,$23.52,5.49,"$245,583,789",4.73,"$9,520,345,669",5.31
2024-08-20,$21.24,$22.74,$21.22,$21.88,$22.34,5.18,"$234,502,142",74.18,"$9,040,489,103",7.73
2024-08-19,$20.84,$21.23,$20.47,$20.94,$21.23,1.86,"$134,629,798",10.63,"$8,392,176,129",1.74
2024-08-18,$20.68,$21.49,$20.59,$20.91,$20.86,0.863,"$121,697,276",51.25,"$8,248,515,969",0.969
2024-08-17,$20.41,$20.68,$20.29,$20.51,$20.66,1.24,"$80,461,148",-46.74,"$8,169,373,789",1.24
2024-08-16,$20.14,$20.67,$19.90,$20.28,$20.41,1.33,"$151,067,078",-22.58,"$8,069,250,765",1.36
2024-08-15,$20.99,$21.15,$19.95,$20.55,$20.14,-4.05,"$195,128,369",35.68,"$7,960,863,753",-4.08
2024-08-14,$21.41,$21.82,$20.91,$21.28,$20.99,-1.93,"$143,817,417",-9.36,"$8,299,117,664",-1.93
2024-08-13,$21.30,$21.56,$20.68,$21.24,$21.41,0.506,"$158,674,118",-21.94,"$8,462,572,019",0.407
2024-08-12,$20.45,$21.65,$20.45,$20.97,$21.33,4.29,"$203,270,456",35.46,"$8,428,228,815",4.11
2024-08-11,$21.61,$22.31,$20.48,$21.22,$20.49,-5.18,"$150,054,431",42.64,"$8,095,200,963",-5.14
2024-08-10,$21.77,$21.95,$21.48,$21.70,$21.60,-0.775,"$105,201,082",-46.25,"$8,533,865,876",-0.768
2024-08-09,$22.74,$22.78,$21.40,$22.17,$21.77,-4.27,"$195,710,145",-24.10,"$8,599,931,492",-4.15
2024-08-08,$19.86,$22.76,$19.62,$21.24,$22.71,14.34,"$257,853,089",8.25,"$8,971,995,491",14.17
2024-08-07,$20.90,$21.65,$19.78,$20.55,$19.89,-4.81,"$238,201,997",-21.74,"$7,858,303,093",-4.77
2024-08-06,$19.61,$21.42,$19.61,$20.38,$20.89,6.51,"$304,389,003",-65.84,"$8,251,553,909",6.62
2024-08-05,$21.28,$21.32,$17.69,$19.97,$19.59,-7.96,"$891,088,639",299.49,"$7,738,878,347",-7.92
2024-08-04,$22.69,$22.93,$20.76,$21.91,$21.28,-6.23,"$223,054,785",-1.71,"$8,404,961,004",-6.25
2024-08-03,$23.64,$24.09,$22.30,$23.18,$22.70,-3.98,"$226,940,260",-14.73,"$8,965,722,470",-3.72
2024-08-02,$25.72,$25.82,$23.52,$24.66,$23.57,-8.33,"$266,158,092",6.54,"$9,312,183,246",-8.30
2024-08-01,$25.74,$25.89,$24.20,$25.39,$25.71,-0.0932,"$249,816,231",11.38,"$10,155,281,893",-0.0467
2024-07-31,$26.35,$26.81,$25.52,$26.10,$25.73,-2.35,"$224,300,271",16.71,"$10,160,024,893",-2.41
2024-07-30,$27.06,$27.28,$26.19,$26.72,$26.36,-2.57,"$192,189,600",-31.54,"$10,410,643,925",-2.79
2024-07-29,$27.40,$28.80,$27.12,$27.61,$27.12,-1.01,"$280,744,946",87.11,"$10,709,853,583",-1.00
2024-07-28,$28.05,$28.15,$27.20,$27.70,$27.40,-2.33,"$150,040,680",-36.38,"$10,818,167,570",-2.65
2024-07-27,$28.68,$29.45,$27.79,$28.51,$28.14,-1.86,"$235,831,601",-18.40,"$11,112,110,434",-1.94
2024-07-26,$27.24,$28.83,$27.21,$28.00,$28.70,5.38,"$288,998,830",-14.45,"$11,331,509,191",5.33
2024-07-25,$28.39,$28.54,$26.38,$27.64,$27.25,-4.03,"$337,811,393",-9.04,"$10,758,488,840",-4.07
2024-07-24,$29.85,$30.43,$28.33,$29.25,$28.41,-4.83,"$371,380,840",-6.46,"$11,214,434,355",-4.89
2024-07-23,$31.88,$32.49,$29.62,$30.97,$29.87,-6.33,"$397,009,494",-5.76,"$11,791,624,988",-6.29
2024-07-22,$32.66,$32.81,$31.42,$32.20,$31.90,-2.33,"$421,259,191",-36.24,"$12,583,313,596",-2.17
2024-07-21,$29.14,$32.91,$28.69,$30.84,$32.60,11.89,"$660,705,794",222.66,"$12,862,221,380",11.86
2024-07-20,$28.19,$29.16,$27.89,$28.60,$29.15,3.39,"$204,766,647",-29.18,"$11,498,960,020",3.40
2024-07-19,$27.15,$28.39,$26.73,$27.61,$28.19,3.84,"$289,151,048",30.08,"$11,121,100,835",3.80
2024-07-18,$27.30,$27.90,$26.77,$27.28,$27.16,-0.510,"$222,291,353",-26.04,"$10,714,153,129",-0.542
2024-07-17,$28.03,$28.96,$27.31,$27.90,$27.31,-2.57,"$300,558,119",-26.01,"$10,772,525,570",-2.73
2024-07-16,$27.84,$29.19,$26.57,$27.92,$28.07,0.832,"$406,229,410",33.17,"$11,074,554,206",0.913
2024-07-15,$26.42,$27.87,$26.35,$27.11,$27.82,5.30,"$305,052,336",47.24,"$10,974,307,006",5.01
2024-07-14,$25.88,$26.64,$25.68,$26.17,$26.49,2.36,"$207,178,530",-6.55,"$10,451,172,768",2.31
2024-07-13,$25.97,$26.32,$25.61,$25.95,$25.90,-0.251,"$221,709,012",13.45,"$10,215,655,573",-0.221
2024-07-12,$25.26,$26.08,$24.91,$25.55,$25.96,2.77,"$195,428,301",-22.77,"$10,238,289,966",2.71
2024-07-11,$25.78,$26.27,$25.11,$25.61,$25.27,-1.97,"$253,055,203",24.60,"$9,967,780,728",-2.10
2024-07-10,$26.45,$27.36,$25.67,$26.33,$25.82,-2.40,"$203,101,081",-29.72,"$10,181,376,594",-2.36
2024-07-09,$25.25,$26.45,$24.84,$25.74,$26.44,4.72,"$288,975,526",-26.46,"$10,427,038,662",4.73
2024-07-08,$25.75,$27.11,$24.71,$25.71,$25.25,-1.97,"$392,934,246",95.22,"$9,956,320,433",-1.58
2024-07-07,$27.44,$27.46,$25.56,$26.53,$25.66,-6.48,"$201,281,355",-4.43,"$10,116,527,448",-6.45
2024-07-06,$25.13,$27.55,$25.01,$26.28,$27.43,9.15,"$210,603,466",-61.16,"$10,814,259,613",9.10
2024-07-05,$24.44,$25.42,$22.16,$24.29,$25.14,2.88,"$542,167,574",105.86,"$9,912,348,728",2.70
2024-07-04,$26.49,$26.63,$24.48,$25.52,$24.48,-7.58,"$263,360,741",-3.43,"$9,651,632,878",-7.58
2024-07-03,$28.66,$28.90,$26.47,$27.63,$26.49,-7.57,"$272,727,448",30.90,"$10,443,508,314",-7.42
2024-07-02,$28.83,$28.83,$28.11,$28.60,$28.62,-0.740,"$208,340,548",-15.72,"$11,280,036,793",-0.733
2024-07-01,$29.35,$30.01,$28.83,$29.25,$28.83,-1.76,"$247,189,213",18.59,"$11,363,318,928",-1.62
2024-06-30,$27.73,$29.45,$27.42,$28.48,$29.31,5.69,"$208,447,191",35.56,"$11,550,157,728",5.70
2024-06-29,$27.96,$28.58,$27.60,$27.97,$27.73,-0.827,"$153,763,084",-44.67,"$10,927,261,856",-0.658
2024-06-28,$27.89,$28.91,$27.71,$28.11,$27.93,0.140,"$277,923,680",-10.15,"$10,999,627,441",0.168
2024-06-27,$25.81,$28.28,$25.39,$26.84,$27.88,8.03,"$309,330,583",6.18,"$10,981,136,905",7.99
2024-06-26,$25.42,$26.59,$25.34,$25.79,$25.82,1.58,"$291,325,176",43.37,"$10,168,845,361",1.61
2024-06-25,$24.84,$25.71,$24.69,$25.17,$25.42,2.30,"$203,204,404",-46.40,"$10,007,984,353",2.15
2024-06-24,$25.09,$25.15,$23.74,$24.71,$24.88,-0.810,"$379,115,709",16.14,"$9,797,638,226",-0.854
2024-06-23,$25.64,$25.99,$24.25,$25.24,$25.10,-2.13,"$326,420,117",-34.20,"$9,882,042,819",-2.11
2024-06-22,$27.48,$27.48,$24.94,$26.38,$25.64,-6.68,"$496,111,669",166.29,"$10,095,417,197",-6.64
2024-06-21,$27.56,$27.98,$27.01,$27.50,$27.46,-0.367,"$186,303,725",-24.45,"$10,813,104,065",-0.292
2024-06-20,$26.90,$28.83,$26.77,$27.51,$27.57,2.49,"$246,607,073",40.10,"$10,844,723,527",2.62
2024-06-19,$26.61,$27.57,$26.45,$26.87,$26.86,0.962,"$176,028,254",-54.84,"$10,567,826,872",0.929
2024-06-18,$28.49,$28.51,$25.69,$27.33,$26.62,-6.58,"$389,754,554",46.67,"$10,470,567,706",-6.63
2024-06-17,$30.06,$30.30,$27.63,$29.13,$28.51,-5.17,"$265,734,988",84.22,"$11,214,194,733",-5.03
2024-06-16,$30.06,$30.45,$29.72,$30.06,$30.02,-0.144,"$144,250,401",13.87,"$11,807,837,061",0.064
2024-06-15,$30.31,$30.60,$29.96,$30.22,$30.00,-1.02,"$126,675,525",-59.92,"$11,800,279,660",-1.08
2024-06-14,$31.01,$32.06,$29.34,$30.69,$30.33,-2.20,"$316,039,882",34.95,"$11,929,299,706",-2.19
2024-06-13,$33.28,$33.40,$30.99,$32.17,$31.01,-6.81,"$234,194,476",-29.95,"$12,195,950,216",-6.75
2024-06-12,$31.56,$33.89,$30.96,$32.42,$33.26,5.37,"$334,347,681",-9.82,"$13,079,365,407",5.43
2024-06-11,$32.29,$32.33,$30.73,$31.73,$31.55,-2.31,"$370,737,932",49.05,"$12,405,965,509",-2.36
2024-06-10,$32.99,$33.42,$32.12,$32.71,$32.31,-2.06,"$248,740,088",50.52,"$12,706,234,781",-2.00
2024-06-09,$32.32,$32.99,$32.13,$32.60,$32.97,1.99,"$165,257,193",-15.31,"$12,964,955,582",2.02
2024-06-08,$33.52,$33.69,$32.05,$32.89,$32.31,-3.60,"$195,127,387",-57.84,"$12,707,812,568",-3.65
2024-06-07,$35.92,$36.80,$32.18,$34.61,$33.54,-6.63,"$462,802,271",135.07,"$13,188,837,361",-6.72
2024-06-06,$36.52,$37.13,$35.87,$36.37,$35.95,-1.56,"$196,875,392",-14.88,"$14,138,767,020",-1.53
2024-06-05,$36.10,$36.84,$36.00,$36.36,$36.51,1.15,"$231,296,289",-0.732,"$14,358,522,199",1.20
2024-06-04,$35.05,$36.20,$34.59,$35.48,$36.08,2.94,"$233,000,926",-10.04,"$14,188,433,563",2.96
2024-06-03,$34.96,$36.20,$34.70,$35.23,$35.05,0.259,"$259,008,449",60.49,"$13,780,635,422",0.261
2024-06-02,$35.76,$36.10,$34.86,$35.42,$34.96,-2.23,"$161,390,253",62.04,"$13,744,739,096",-2.17
2024-06-01,$36.05,$36.17,$35.71,$35.92,$35.74,-0.857,"$99,598,046",-53.11,"$14,049,452,713",-0.959
2024-05-31,$35.99,$36.67,$35.29,$36.01,$36.09,0.264,"$212,412,937",-24.90,"$14,185,452,218",0.245
2024-05-30,$36.14,$37.06,$35.40,$36.15,$36.01,-0.383,"$282,827,256",1.41,"$14,150,761,784",-0.409
2024-05-29,$37.01,$37.40,$36.16,$36.68,$36.16,-2.29,"$278,886,381",-23.26,"$14,208,807,606",-2.41
2024-05-28,$38.23,$38.30,$36.62,$37.55,$37.05,-3.08,"$363,406,842",39.68,"$14,559,075,430",-3.11
2024-05-27,$36.79,$38.83,$36.73,$37.65,$38.24,3.94,"$260,163,347",61.31,"$15,026,527,858",3.90
2024-05-26,$38.31,$38.31,$36.61,$37.51,$36.81,-3.93,"$161,279,366",3.51,"$14,462,058,103",-3.90
2024-05-25,$38.02,$38.68,$37.79,$38.20,$38.30,0.738,"$155,812,371",-43.40,"$15,049,310,019",0.688
2024-05-24,$38.49,$38.94,$37.08,$38.14,$38.05,-1.15,"$275,268,792",-47.34,"$14,946,473,522",-1.26
2024-05-23,$39.99,$40.29,$36.82,$38.91,$38.53,-3.63,"$522,726,966",29.80,"$15,137,056,568",-3.52
2024-05-22,$41.18,$41.61,$39.45,$40.54,$39.94,-2.99,"$402,719,180",-28.59,"$15,689,590,851",-0.557
2024-05-21,$40.16,$41.25,$39.76,$40.58,$41.17,2.49,"$563,983,913",17.62,"$15,777,466,794",2.54
2024-05-20,$35.70,$40.18,$35.35,$37.85,$40.18,12.54,"$479,512,881",122.11,"$15,386,956,834",12.66
2024-05-19,$37.32,$37.79,$35.56,$36.59,$35.68,-4.39,"$215,889,327",-0.488,"$13,657,498,305",-4.19
2024-05-18,$36.48,$37.66,$36.47,$36.97,$37.25,2.11,"$216,948,647",-38.19,"$14,254,618,930",2.28
2024-05-17,$34.54,$37.56,$34.38,$35.73,$36.44,5.48,"$351,017,100",35.51,"$13,937,129,526",5.58
2024-05-16,$34.74,$35.05,$33.93,$34.56,$34.54,-0.565,"$259,036,160",-27.44,"$13,200,455,893",-0.487
2024-05-15,$31.67,$34.81,$31.50,$33.17,$34.72,9.63,"$356,999,176",19.26,"$13,265,118,648",9.67
2024-05-14,$32.51,$33.17,$31.60,$32.24,$31.67,-2.60,"$299,348,678",-5.20,"$12,095,881,883",-2.43
2024-05-13,$33.33,$33.84,$32.21,$32.96,$32.47,-2.56,"$315,769,645",161.18,"$12,396,698,289",-2.51
2024-05-12,$33.60,$34.02,$33.22,$33.54,$33.33,-0.813,"$120,899,239",-34.35,"$12,715,513,709",-0.707
2024-05-11,$33.78,$34.03,$33.26,$33.66,$33.58,-0.598,"$184,166,003",-43.75,"$12,806,115,626",-0.646
2024-05-10,$35.10,$36.10,$33.35,$34.59,$33.80,-3.70,"$327,413,563",27.24,"$12,889,383,061",-3.62
2024-05-09,$34.13,$35.35,$33.91,$34.63,$35.12,2.91,"$257,328,549",-23.68,"$13,373,045,266",2.91
2024-05-08,$35.41,$35.54,$33.79,$34.72,$34.14,-3.57,"$337,156,222",11.14,"$12,995,356,314",-3.67
2024-05-07,$37.22,$37.63,$35.44,$36.43,$35.45,-4.76,"$303,357,509",-34.93,"$13,490,150,311",-4.73
2024-05-06,$37.47,$39.76,$36.96,$37.85,$37.21,-0.686,"$466,214,821",65.76,"$14,160,296,840",-0.690
2024-05-05,$37.43,$37.96,$36.81,$37.42,$37.49,0.160,"$281,266,063",-12.30,"$14,258,706,640",0.218
2024-05-04,$35.66,$37.63,$35.39,$36.53,$37.41,4.90,"$320,708,707",22.86,"$14,227,743,737",5.05
2024-05-03,$33.70,$35.92,$33.48,$34.70,$35.68,5.89,"$261,035,703",-11.67,"$13,543,981,042",5.91
2024-05-02,$33.53,$34.09,$32.40,$33.43,$33.70,0.489,"$295,526,295",-45.21,"$12,788,403,807",0.884
2024-05-01,$32.78,$33.87,$30.83,$32.72,$33.40,1.90,"$539,349,118",23.09,"$12,676,396,221",1.85
2024-04-30,$35.44,$35.65,$32.14,$34.01,$32.83,-7.37,"$438,175,715",17.28,"$12,445,998,492",-7.64
2024-04-29,$34.04,$35.84,$33.05,$34.63,$35.58,4.55,"$373,600,112",92.64,"$13,475,728,989",4.63
2024-04-28,$34.54,$35.42,$33.97,$34.49,$34.04,-1.47,"$193,932,818",-29.61,"$12,879,257,532",-1.46
2024-04-27,$34.49,$35.07,$33.47,$34.39,$34.54,0.139,"$275,513,541",1.11,"$13,069,810,177",0.158
2024-04-26,$35.66,$35.80,$34.43,$35.10,$34.50,-3.25,"$272,498,452",-22.91,"$13,049,222,394",-3.30
2024-04-25,$36.45,$36.75,$34.89,$35.94,$35.68,-2.10,"$353,483,295",-14.77,"$13,493,869,986",-2.08
2024-04-24,$38.50,$39.83,$36.26,$37.76,$36.45,-5.33,"$414,755,038",42.96,"$13,780,449,943",-5.01
2024-04-23,$39.32,$39.87,$38.16,$38.93,$38.38,-2.41,"$290,116,663",-28.92,"$14,507,747,237",-2.36
2024-04-22,$37.27,$39.73,$37.05,$38.34,$39.31,5.46,"$408,138,422",39.44,"$14,858,671,573",5.58
2024-04-21,$38.38,$38.72,$36.67,$37.75,$37.23,-3.00,"$292,700,163",-21.57,"$14,073,767,773",-2.76
2024-04-20,$34.78,$38.55,$34.35,$36.49,$38.29,10.11,"$373,211,380",-32.27,"$14,473,250,515",9.79
2024-04-19,$34.89,$36.01,$32.22,$34.50,$34.88,-0.0459,"$551,038,352",12.35,"$13,182,966,248",-0.162
2024-04-18,$33.70,$35.49,$33.01,$34.28,$34.93,3.65,"$490,450,302",-6.89,"$13,204,338,364",3.64
2024-04-17,$34.71,$35.38,$32.52,$34.08,$33.71,-2.87,"$526,714,905",-14.05,"$12,740,676,754",-3.28
2024-04-16,$35.22,$35.88,$32.95,$34.73,$34.86,-1.03,"$612,822,855",-24.37,"$13,173,196,712",-1.04
2024-04-15,$37.44,$38.52,$34.53,$36.43,$35.22,-5.93,"$810,253,199",-24.04,"$13,311,623,534",-6.10
2024-04-14,$34.05,$37.88,$33.00,$35.61,$37.51,10.16,"$1,066,685,147",-19.15,"$14,177,019,928",9.58
2024-04-13,$39.42,$39.42,$30.12,$35.80,$34.24,-13.15,"$1,319,314,754",56.98,"$12,938,093,393",-13.33
2024-04-12,$46.10,$46.85,$37.19,$42.41,$39.50,-14.30,"$840,460,856",171.96,"$14,928,482,366",-14.32
2024-04-11,$47.32,$47.45,$45.74,$46.65,$46.10,-2.58,"$309,041,510",-31.45,"$17,422,544,968",-2.64
2024-04-10,$46.50,$47.90,$45.78,$46.88,$47.35,1.82,"$450,856,830",24.88,"$17,894,670,707",1.65
2024-04-09,$49.92,$49.97,$46.51,$48.25,$46.58,-6.69,"$361,022,083",-13.78,"$17,603,380,807",-6.76
2024-04-08,$49.38,$50.77,$48.40,$49.63,$49.96,1.18,"$418,745,321",56.39,"$18,879,898,678",1.18
2024-04-07,$48.26,$49.38,$48.05,$48.77,$49.38,2.33,"$267,762,665",-38.65,"$18,659,745,609",2.29
2024-04-06,$45.44,$48.65,$45.25,$46.90,$48.27,6.24,"$436,418,193",14.41,"$18,241,897,948",6.11
2024-04-05,$46.59,$46.63,$44.23,$45.74,$45.49,-2.36,"$381,446,532",-2.03,"$17,191,472,981",-2.29
2024-04-04,$46.06,$48.14,$45.66,$46.61,$46.57,1.10,"$389,330,542",-24.25,"$17,594,271,623",0.980
2024-04-03,$46.95,$48.34,$45.17,$46.65,$46.13,-1.75,"$513,943,362",-27.03,"$17,423,490,074",-1.75
2024-04-02,$51.50,$51.50,$46.56,$49.14,$46.99,-8.76,"$704,361,323",5.73,"$17,733,079,802",-8.88
2024-04-01,$54.12,$54.19,$50.63,$52.63,$51.57,-4.72,"$666,184,819",133.26,"$19,462,244,711",-4.74
2024-03-31,$53.07,$54.23,$53.02,$53.61,$54.13,2.00,"$285,595,358",-8.84,"$20,429,801,984",1.98
2024-03-30,$53.47,$54.61,$52.97,$53.53,$53.08,-0.717,"$313,304,355",-18.28,"$20,034,069,630",-0.766
2024-03-29,$54.67,$54.67,$52.74,$53.89,$53.49,-2.16,"$383,387,822",-6.94,"$20,188,809,484",-2.14
2024-03-28,$54.15,$55.06,$53.38,$54.31,$54.66,0.948,"$411,966,791",-43.35,"$20,630,235,265",0.815
2024-03-27,$55.97,$56.80,$53.41,$55.10,$54.22,-3.13,"$727,246,248",-3.56,"$20,463,383,782",-3.14
2024-03-26,$57.86,$59.23,$55.69,$57.19,$55.98,-3.25,"$754,091,168",-5.37,"$21,127,144,647",-3.16
2024-03-25,$55.81,$59.15,$55.21,$56.99,$57.80,3.58,"$796,908,402",63.79,"$21,816,201,679",3.57
2024-03-24,$53.59,$55.88,$52.73,$54.50,$55.81,4.16,"$486,537,342",-17.46,"$21,064,913,529",3.86
2024-03-23,$53.56,$56.00,$53.05,$54.09,$53.74,0.338,"$589,469,060",-45.76,"$20,281,754,713",0.739
2024-03-22,$54.11,$57.42,$52.04,$54.23,$53.34,-1.42,"$1,086,780,759",15.56,"$20,133,069,427",-1.77
2024-03-21,$57.37,$57.93,$53.31,$55.73,$54.30,-5.34,"$940,433,547",-48.54,"$20,494,937,939",-5.52
2024-03-20,$54.26,$58.37,$51.06,$55.29,$57.47,5.92,"$1,827,338,606",-19.90,"$21,691,368,603",6.09
2024-03-19,$60.99,$61.81,$53.80,$57.70,$54.19,-11.15,"$2,281,413,961",-5.82,"$20,445,943,541",-10.78
2024-03-18,$58.45,$65.50,$55.82,$60.13,$60.73,3.90,"$2,422,501,003",92.33,"$22,915,383,667",3.99
2024-03-17,$53.87,$58.54,$50.74,$55.39,$58.41,8.42,"$1,259,536,348",-29.88,"$22,037,151,972",8.44
2024-03-16,$58.66,$61.58,$52.77,$56.72,$53.86,-8.19,"$1,796,199,482",-23.78,"$20,321,306,069",-8.50
2024-03-15,$54.42,$58.92,$49.44,$55.41,$58.86,8.15,"$2,356,657,826",58.31,"$22,209,169,090",8.13
2024-03-14,$55.07,$59.01,$51.13,$54.91,$54.44,-1.15,"$1,488,648,747",42.73,"$20,539,721,024",-1.08
2024-03-13,$55.63,$55.63,$52.81,$54.78,$55.03,-1.08,"$1,043,008,029",-52.87,"$20,763,643,530",-1.08
2024-03-12,$49.21,$57.24,$47.00,$52.27,$55.63,13.05,"$2,212,930,976",58.59,"$20,989,865,968",13.43
2024-03-11,$42.20,$49.51,$40.81,$45.39,$49.04,16.21,"$1,395,372,343",238.68,"$18,504,181,490",16.44
2024-03-10,$43.12,$44.04,$41.42,$42.67,$42.12,-2.33,"$411,998,355",12.98,"$15,891,112,909",-2.45
2024-03-09,$42.86,$43.69,$42.62,$43.09,$43.18,0.741,"$364,648,754",-35.54,"$16,290,712,306",0.784
2024-03-08,$43.47,$44.07,$41.64,$43.01,$42.84,-1.46,"$565,729,271",-20.73,"$16,164,031,925",-1.58
2024-03-07,$41.70,$44.56,$41.70,$42.87,$43.53,4.38,"$713,653,791",11.68,"$16,423,440,522",4.48
2024-03-06,$39.62,$42.15,$38.15,$40.40,$41.67,5.18,"$639,044,459",-49.09,"$15,719,782,683",4.79
2024-03-05,$43.15,$44.95,$37.14,$41.25,$39.76,-7.85,"$1,255,343,765",79.28,"$15,000,628,885",-7.84
2024-03-04,$42.74,$44.01,$41.84,$42.93,$43.15,0.944,"$700,200,451",35.31,"$16,277,220,584",1.07
2024-03-03,$44.45,$44.95,$41.77,$43.46,$42.69,-3.95,"$517,478,480",-12.45,"$16,104,726,627",-4.12
2024-03-02,$42.88,$44.52,$42.29,$43.55,$44.52,3.84,"$591,041,909",7.68,"$16,796,604,632",3.68
2024-03-01,$41.10,$43.34,$41.10,$42.12,$42.94,4.50,"$548,884,234",-35.90,"$16,199,920,924",4.70
2024-02-29,$40.39,$44.44,$40.05,$41.47,$41.02,1.56,"$856,241,722",20.60,"$15,472,875,677",1.66
2024-02-28,$39.34,$41.13,$37.82,$39.66,$40.35,2.57,"$710,007,610",117.87,"$15,220,753,438",2.72
2024-02-27,$39.35,$39.85,$38.71,$39.30,$39.28,-0.169,"$325,879,996",-15.86,"$14,817,000,755",-0.118
2024-02-26,$37.49,$39.36,$36.43,$38.15,$39.33,4.91,"$387,319,415",85.53,"$14,834,565,726",4.91
2024-02-25,$36.81,$37.50,$36.60,$37.10,$37.49,1.85,"$208,764,976",0.411,"$14,140,582,916",1.83
2024-02-24,$36.02,$36.97,$35.33,$36.28,$36.81,2.21,"$207,911,092",-34.11,"$13,885,826,842",2.15
2024-02-23,$36.83,$36.95,$35.39,$36.30,$36.04,-2.15,"$315,527,076",6.21,"$13,593,641,682",-2.08
2024-02-22,$37.70,$38.18,$36.70,$37.35,$36.81,-2.38,"$297,080,506",-17.01,"$13,882,748,993",-0.00466
2024-02-21,$38.56,$38.57,$36.14,$37.76,$37.75,-2.12,"$357,986,742",-24.21,"$13,883,396,422",-2.15
2024-02-20,$39.56,$39.71,$37.17,$38.76,$38.60,-2.41,"$472,327,012",17.43,"$14,187,913,979",-2.26
2024-02-19,$40.33,$40.65,$39.30,$39.94,$39.49,-2.07,"$402,236,710",53.40,"$14,515,518,787",-1.95
2024-02-18,$39.84,$40.78,$39.15,$40.01,$40.28,1.10,"$262,214,339",-7.12,"$14,804,344,275",1.06
2024-02-17,$40.38,$40.48,$38.64,$39.84,$39.86,-1.29,"$282,302,732",-25.04,"$14,648,882,322",-1.31
2024-02-16,$41.65,$41.85,$39.85,$40.94,$40.39,-3.03,"$376,585,487",-34.86,"$14,844,022,076",-3.07
2024-02-15,$42.30,$43.44,$41.24,$42.16,$41.67,-1.49,"$578,080,562",-0.334,"$15,313,532,273",-1.45
2024-02-14,$39.77,$42.41,$39.22,$40.92,$42.28,6.33,"$580,017,982",16.26,"$15,538,928,003",6.30
2024-02-13,$41.02,$41.63,$39.05,$40.37,$39.78,-3.03,"$498,881,997",-15.30,"$14,618,560,164",-3.07
2024-02-12,$39.75,$41.05,$38.51,$40.09,$41.04,3.23,"$588,981,990",81.80,"$15,081,102,120",3.34
2024-02-11,$40.29,$41.12,$39.50,$40.15,$39.71,-1.43,"$323,979,858",-36.61,"$14,593,444,526",-1.44
2024-02-10,$38.14,$41.07,$38.14,$39.41,$40.29,5.65,"$511,126,369",-6.00,"$14,807,199,415",5.63
2024-02-09,$35.47,$38.56,$35.47,$36.91,$38.15,7.56,"$543,754,557",71.53,"$14,018,007,992",7.52
2024-02-08,$35.23,$36.07,$35.16,$35.48,$35.48,0.718,"$317,011,775",7.49,"$13,037,387,769",0.755
2024-02-07,$34.18,$35.37,$33.80,$34.64,$35.21,3.03,"$294,928,134",26.23,"$12,939,666,597",2.97
2024-02-06,$34.57,$34.73,$33.88,$34.34,$34.20,-1.08,"$233,639,947",-15.09,"$12,565,946,661",-1.04
2024-02-05,$34.91,$35.90,$34.22,$34.90,$34.58,-0.946,"$275,172,100",21.95,"$12,697,751,553",-0.915
2024-02-04,$36.00,$36.49,$34.90,$35.57,$34.90,-3.06,"$225,651,872",-25.56,"$12,815,018,002",-3.02
2024-02-03,$36.74,$37.51,$35.53,$36.44,$35.99,-2.03,"$303,128,337",-43.57,"$13,213,529,677",-1.98
2024-02-02,$33.86,$36.81,$33.85,$35.31,$36.72,8.43,"$537,132,146",57.64,"$13,480,197,477",8.46
2024-02-01,$33.21,$33.91,$32.43,$33.35,$33.86,1.95,"$340,739,018",-16.66,"$12,428,506,068",1.92
2024-01-31,$35.22,$35.48,$33.22,$34.29,$33.22,-5.69,"$408,830,523",-16.34,"$12,194,463,967",-5.61
2024-01-30,$36.13,$37.10,$35.17,$35.90,$35.19,-2.59,"$488,703,250",-4.33,"$12,918,692,924",-2.62
2024-01-29,$34.89,$36.45,$34.51,$35.50,$36.14,3.58,"$510,798,714",-28.99,"$13,265,726,664",3.44
2024-01-28,$33.28,$36.65,$33.28,$34.54,$34.94,4.99,"$719,339,729",232.32,"$12,824,448,514",5.12
2024-01-27,$32.21,$33.27,$31.99,$32.68,$33.24,3.18,"$216,460,422",-49.59,"$12,199,459,335",3.18
2024-01-26,$30.51,$32.84,$30.22,$31.45,$32.22,5.60,"$429,394,520",43.24,"$11,823,952,442",5.64
2024-01-25,$31.21,$31.29,$29.75,$30.68,$30.50,-2.27,"$299,762,853",-41.19,"$11,192,917,256",-2.27
2024-01-24,$30.42,$31.75,$29.57,$30.74,$31.22,2.63,"$509,707,372",-21.56,"$11,453,138,955",2.90
2024-01-23,$29.51,$30.48,$27.44,$29.44,$30.34,2.84,"$649,769,357",36.13,"$11,130,226,479",2.84
2024-01-22,$32.55,$32.67,$29.51,$31.06,$29.51,-9.36,"$477,306,614",138.87,"$10,822,998,048",-9.42
2024-01-21,$32.81,$33.47,$32.52,$32.84,$32.57,-0.711,"$199,822,454",-8.05,"$11,948,102,298",-0.740
2024-01-20,$32.66,$32.94,$32.10,$32.63,$32.82,0.471,"$217,313,177",-44.59,"$12,037,205,615",0.471
2024-01-19,$33.58,$33.72,$31.39,$32.84,$32.66,-2.72,"$392,222,046",-5.91,"$11,980,812,160",-2.78
2024-01-18,$36.07,$36.10,$33.02,$34.70,$33.60,-6.83,"$416,847,710",8.63,"$12,322,883,868",-6.62
2024-01-17,$35.64,$36.45,$35.44,$35.88,$35.99,0.9915,"$383,739,074",16.56,"$13,197,170,426",1.0084
2024-01-16,$35.69,$36.47,$35.00,$35.70,$35.63,-0.169,"$329,210,706",5.97,"$13,065,412,581",-0.154
2024-01-15,$35.48,$36.72,$35.29,$35.80,$35.69,0.584,"$310,655,447",-28.60,"$13,085,517,291",0.266
2024-01-14,$36.52,$37.78,$35.49,$36.35,$35.60,-2.53,"$435,089,990",20.88,"$13,050,826,290",-2.44
2024-01-13,$36.04,$36.64,$35.00,$36.04,$36.48,1.24,"$359,944,972",-42.45,"$13,376,673,567",1.62
2024-01-12,$39.43,$39.54,$35.32,$37.55,$35.90,-8.95,"$625,405,865",-35.30,"$13,163,187,062",-8.93
2024-01-11,$38.56,$41.65,$37.71,$39.33,$39.42,2.24,"$966,609,147",17.27,"$14,453,190,555",1.93
2024-01-10,$34.59,$39.51,$33.73,$36.62,$38.67,11.80,"$824,235,982",12.44,"$14,179,058,118",11.45
2024-01-09,$36.13,$37.54,$33.97,$35.58,$34.70,-3.96,"$733,024,156",-12.72,"$12,721,942,971",-3.92
2024-01-08,$33.62,$36.36,$31.54,$34.41,$36.12,7.42,"$839,840,884",94.19,"$13,240,301,985",7.57
2024-01-07,$34.64,$35.74,$33.31,$34.32,$33.57,-3.07,"$432,485,299",4.33,"$12,308,152,813",-3.01
2024-01-06,$36.44,$36.44,$33.62,$35.28,$34.62,-4.99,"$414,545,970",-32.34,"$12,690,555,494",-4.85
2024-01-05,$38.77,$38.92,$35.25,$37.33,$36.39,-6.16,"$612,719,051",-3.50,"$13,337,988,692",-6.01
2024-01-04,$36.86,$39.38,$36.36,$37.83,$38.73,5.09,"$634,951,044",-41.01,"$14,191,541,581",5.13
2024-01-03,$40.66,$41.41,$34.13,$38.26,$36.84,-9.38,"$1,076,360,343",74.14,"$13,499,127,703",-9.43
2024-01-02,$41.97,$43.41,$40.50,$41.64,$40.68,-3.07,"$618,095,625",29.10,"$14,903,859,997",-2.93
2024-01-01,$38.61,$41.99,$38.23,$40.19,$41.92,8.60,"$478,777,861",,"$15,353,431,693",
